Workbook

Sheet SP500
A1: observation_date | B1: SP500 | C1: SP500 1 day return | D1: SP500 3 day momentum | E1: VIX | F1: VIX 1 day change | G1: DGS10 | H1: DGS10 1 day change | I1: T10Y3M | J1: BAMLC0A4CBBB | K1: CPIAUCSL | L1: DFF | M1: DGS2 | N1: DGS2 1 day change | O1: Target: Raw next-day return | P1: Target: Up or Down - 1 next day UP, 0 next day down/flat | Q1: Target: Buy/hold/sell = 1/0/-1 0.3% margin | R1: Closing Value - CRUDE OIL
A2: 42464 | B2: 2066.13 | E2: =_xlfn.XLOOKUP(A2,VIX!A:A,VIX!B:B,"",-1) -> 14.12 | G2: =_xlfn.XLOOKUP(A2,'DGS10'!A:A,'DGS10'!B:B,"",-1) -> 1.78 | I2: =_xlfn.XLOOKUP(A2,T10Y3M!A:A,T10Y3M!B:B,"",-1) -> 1.55 | J2: =_xlfn.XLOOKUP(A2,BAMLC0A4CBBB!A:A,BAMLC0A4CBBB!B:B,"",-1) -> 2.3 | K2: =_xlfn.XLOOKUP(A2,CPIAUCSL!A:A,CPIAUCSL!B:B,"",-1) -> 238.992 | L2: =_xlfn.XLOOKUP(A2,DFF!A:A,DFF!B:B,"",-1) -> 0.37 | M2: =_xlfn.XLOOKUP(A2,'DGS2'!A:A,'DGS2'!B:B,"",-1) -> 0.75 | R2: 35.7
A3: 42465 | B3: 2045.17 | C3: =IF(OR(B3="",B2=""),"",(B3/B2)-1) -> -0.01014457 | E3: =_xlfn.XLOOKUP(A3,VIX!A:A,VIX!B:B,"",-1) -> 15.42 | F3: =IF(OR(E3="",E2=""),"",E3-E2) -> 1.3 | G3: =_xlfn.XLOOKUP(A3,'DGS10'!A:A,'DGS10'!B:B,"",-1) -> 1.73 | H3: =IF(OR(G3="",G2=""),"",G3-G2) -> -0.05 | I3: =_xlfn.XLOOKUP(A3,T10Y3M!A:A,T10Y3M!B:B,"",-1) -> 1.5 | J3: =_xlfn.XLOOKUP(A3,BAMLC0A4CBBB!A:A,BAMLC0A4CBBB!B:B,"",-1) -> 2.31 | K3: =_xlfn.XLOOKUP(A3,CPIAUCSL!A:A,CPIAUCSL!B:B,"",-1) -> 238.992 | L3: =_xlfn.XLOOKUP(A3,DFF!A:A,DFF!B:B,"",-1) -> 0.37 | M3: =_xlfn.XLOOKUP(A3,'DGS2'!A:A,'DGS2'!B:B,"",-1) -> 0.72 | N3: =IF(OR(M3="",M2=""),"",M3-M2) -> -0.03 | O3: =IF(OR(B4="",B3=""),"",(B4/B3)-1) -> 0.010507684 | P3: =IF(O3="","",IF(O3>0,1,0)) -> 1 | Q3: =IF(O3="","",IF(O3>0.003,1,IF(O3<-0.01,-1,0))) -> 1 | R3: 35.89
A4: 42466 | B4: 2066.66 | C4: =IF(OR(B4="",B3=""),"",(B4/B3)-1) -> 0.010507684 | E4: =_xlfn.XLOOKUP(A4,VIX!A:A,VIX!B:B,"",-1) -> 14.09 | F4: =IF(OR(E4="",E3=""),"",E4-E3) -> -1.33 | G4: =_xlfn.XLOOKUP(A4,'DGS10'!A:A,'DGS10'!B:B,"",-1) -> 1.76 | H4: =IF(OR(G4="",G3=""),"",G4-G3) -> 0.03 | I4: =_xlfn.XLOOKUP(A4,T10Y3M!A:A,T10Y3M!B:B,"",-1) -> 1.53 | J4: =_xlfn.XLOOKUP(A4,BAMLC0A4CBBB!A:A,BAMLC0A4CBBB!B:B,"",-1) -> 2.3 | K4: =_xlfn.XLOOKUP(A4,CPIAUCSL!A:A,CPIAUCSL!B:B,"",-1) -> 238.992 | L4: =_xlfn.XLOOKUP(A4,DFF!A:A,DFF!B:B,"",-1) -> 0.37 | M4: =_xlfn.XLOOKUP(A4,'DGS2'!A:A,'DGS2'!B:B,"",-1) -> 0.73 | N4: =IF(OR(M4="",M3=""),"",M4-M3) -> 0.01 | O4: =IF(OR(B5="",B4=""),"",(B5/B4)-1) -> -0.011975845 | P4: =IF(O4="","",IF(O4>0,1,0)) -> 0 | Q4: =IF(O4="","",IF(O4>0.003,1,IF(O4<-0.003,-1,0))) -> -1 | R4: 37.75
A5: 42467 | B5: 2041.91 | C5: =IF(OR(B5="",B4=""),"",(B5/B4)-1) -> -0.011975845 | D5: =IF(OR(B5="",B2=""),"",(B5/B2)-1) -> -0.011722399 | E5: =_xlfn.XLOOKUP(A5,VIX!A:A,VIX!B:B,"",-1) -> 16.16 | F5: =IF(OR(E5="",E4=""),"",E5-E4) -> 2.07 | G5: =_xlfn.XLOOKUP(A5,'DGS10'!A:A,'DGS10'!B:B,"",-1) -> 1.7 | H5: =IF(OR(G5="",G4=""),"",G5-G4) -> -0.06 | I5: =_xlfn.XLOOKUP(A5,T10Y3M!A:A,T10Y3M!B:B,"",-1) -> 1.47 | J5: =_xlfn.XLOOKUP(A5,BAMLC0A4CBBB!A:A,BAMLC0A4CBBB!B:B,"",-1) -> 2.31 | K5: =_xlfn.XLOOKUP(A5,CPIAUCSL!A:A,CPIAUCSL!B:B,"",-1) -> 238.992 | L5: =_xlfn.XLOOKUP(A5,DFF!A:A,DFF!B:B,"",-1) -> 0.37 | M5: =_xlfn.XLOOKUP(A5,'DGS2'!A:A,'DGS2'!B:B,"",-1) -> 0.7 | N5: =IF(OR(M5="",M4=""),"",M5-M4) -> -0.03 | O5: =IF(OR(B6="",B5=""),"",(B6/B5)-1) -> 0.0027866067 | P5: =IF(O5="","",IF(O5>0,1,0)) -> 1 | Q5: =IF(O5="","",IF(O5>0.003,1,IF(O5<-0.003,-1,0))) -> 0 | R5: 37.26
A6: 42468 | B6: 2047.6 | C6: =IF(OR(B6="",B5=""),"",(B6/B5)-1) -> 0.0027866067 | D6: =IF(OR(B6="",B3=""),"",(B6/B3)-1) -> 0.0011881653 | E6: =_xlfn.XLOOKUP(A6,VIX!A:A,VIX!B:B,"",-1) -> 15.36 | F6: =IF(OR(E6="",E5=""),"",E6-E5) -> -0.8 | G6: =_xlfn.XLOOKUP(A6,'DGS10'!A:A,'DGS10'!B:B,"",-1) -> 1.72 | H6: =IF(OR(G6="",G5=""),"",G6-G5) -> 0.02 | I6: =_xlfn.XLOOKUP(A6,T10Y3M!A:A,T10Y3M!B:B,"",-1) -> 1.49 | J6: =_xlfn.XLOOKUP(A6,BAMLC0A4CBBB!A:A,BAMLC0A4CBBB!B:B,"",-1) -> 2.31 | K6: =_xlfn.XLOOKUP(A6,CPIAUCSL!A:A,CPIAUCSL!B:B,"",-1) -> 238.992 | L6: =_xlfn.XLOOKUP(A6,DFF!A:A,DFF!B:B,"",-1) -> 0.37 | M6: =_xlfn.XLOOKUP(A6,'DGS2'!A:A,'DGS2'!B:B,"",-1) -> 0.7 | N6: =IF(OR(M6="",M5=""),"",M6-M5) -> 0 | O6: =IF(OR(B7="",B6=""),"",(B7/B6)-1) -> -0.0027397929 | P6: =IF(O6="","",IF(O6>0,1,0)) -> 0 | Q6: =IF(O6="","",IF(O6>0.003,1,IF(O6<-0.003,-1,0))) -> 0 | R6: 39.72
A7: 42471 | B7: 2041.99 | C7: =IF(OR(B7="",B6=""),"",(B7/B6)-1) -> -0.0027397929 | D7: =IF(OR(B7="",B4=""),"",(B7/B4)-1) -> -0.011937135 | E7: =_xlfn.XLOOKUP(A7,VIX!A:A,VIX!B:B,"",-1) -> 16.26 | F7: =IF(OR(E7="",E6=""),"",E7-E6) -> 0.9 | G7: =_xlfn.XLOOKUP(A7,'DGS10'!A:A,'DGS10'!B:B,"",-1) -> 1.73 | H7: =IF(OR(G7="",G6=""),"",G7-G6) -> 0.01 | I7: =_xlfn.XLOOKUP(A7,T10Y3M!A:A,T10Y3M!B:B,"",-1) -> 1.5 | J7: =_xlfn.XLOOKUP(A7,BAMLC0A4CBBB!A:A,BAMLC0A4CBBB!B:B,"",-1) -> 2.3 | K7: =_xlfn.XLOOKUP(A7,CPIAUCSL!A:A,CPIAUCSL!B:B,"",-1) -> 238.992 | L7: =_xlfn.XLOOKUP(A7,DFF!A:A,DFF!B:B,"",-1) -> 0.37 | M7: =_xlfn.XLOOKUP(A7,'DGS2'!A:A,'DGS2'!B:B,"",-1) -> 0.7 | N7: =IF(OR(M7="",M6=""),"",M7-M6) -> 0 | O7: =IF(OR(B8="",B7=""),"",(B8/B7)-1) -> 0.0096621433 | P7: =IF(O7="","",IF(O7>0,1,0)) -> 1 | Q7: =IF(O7="","",IF(O7>0.003,1,IF(O7<-0.003,-1,0))) -> 1 | R7: 40.36
A8: 42472 | B8: 2061.72 | C8: =IF(OR(B8="",B7=""),"",(B8/B7)-1) -> 0.0096621433 | D8: =IF(OR(B8="",B5=""),"",(B8/B5)-1) -> 0.0097017009 | E8: =_xlfn.XLOOKUP(A8,VIX!A:A,VIX!B:B,"",-1) -> 14.85 | F8: =IF(OR(E8="",E7=""),"",E8-E7) -> -1.41 | G8: =_xlfn.XLOOKUP(A8,'DGS10'!A:A,'DGS10'!B:B,"",-1) -> 1.79 | H8: =IF(OR(G8="",G7=""),"",G8-G7) -> 0.06 | I8: =_xlfn.XLOOKUP(A8,T10Y3M!A:A,T10Y3M!B:B,"",-1) -> 1.57 | J8: =_xlfn.XLOOKUP(A8,BAMLC0A4CBBB!A:A,BAMLC0A4CBBB!B:B,"",-1) -> 2.28 | K8: =_xlfn.XLOOKUP(A8,CPIAUCSL!A:A,CPIAUCSL!B:B,"",-1) -> 238.992 | L8: =_xlfn.XLOOKUP(A8,DFF!A:A,DFF!B:B,"",-1) -> 0.37 | M8: =_xlfn.XLOOKUP(A8,'DGS2'!A:A,'DGS2'!B:B,"",-1) -> 0.74 | N8: =IF(OR(M8="",M7=""),"",M8-M7) -> 0.04 | O8: =IF(OR(B9="",B8=""),"",(B9/B8)-1) -> 0.010040161 | P8: =IF(O8="","",IF(O8>0,1,0)) -> 1 | Q8: =IF(O8="","",IF(O8>0.003,1,IF(O8<-0.003,-1,0))) -> 1 | R8: 42.17
A9: 42473 | B9: 2082.42 | C9: =IF(OR(B9="",B8=""),"",(B9/B8)-1) -> 0.010040161 | D9: =IF(OR(B9="",B6=""),"",(B9/B6)-1) -> 0.017005274 | E9: =_xlfn.XLOOKUP(A9,VIX!A:A,VIX!B:B,"",-1) -> 13.84 | F9: =IF(OR(E9="",E8=""),"",E9-E8) -> -1.01 | G9: =_xlfn.XLOOKUP(A9,'DGS10'!A:A,'DGS10'!B:B,"",-1) -> 1.77 | H9: =IF(OR(G9="",G8=""),"",G9-G8) -> -0.02 | I9: =_xlfn.XLOOKUP(A9,T10Y3M!A:A,T10Y3M!B:B,"",-1) -> 1.54 | J9: =_xlfn.XLOOKUP(A9,BAMLC0A4CBBB!A:A,BAMLC0A4CBBB!B:B,"",-1) -> 2.26 | K9: =_xlfn.XLOOKUP(A9,CPIAUCSL!A:A,CPIAUCSL!B:B,"",-1) -> 238.992 | L9: =_xlfn.XLOOKUP(A9,DFF!A:A,DFF!B:B,"",-1) -> 0.37 | M9: =_xlfn.XLOOKUP(A9,'DGS2'!A:A,'DGS2'!B:B,"",-1) -> 0.75 | N9: =IF(OR(M9="",M8=""),"",M9-M8) -> 0.01 | O9: =IF(OR(B10="",B9=""),"",(B10/B9)-1) -> 0.00017287579 | P9: =IF(O9="","",IF(O9>0,1,0)) -> 1 | Q9: =IF(O9="","",IF(O9>0.003,1,IF(O9<-0.003,-1,0))) -> 0 | R9: 41.76
A10: 42474 | B10: 2082.78 | C10: =IF(OR(B10="",B9=""),"",(B10/B9)-1) -> 0.00017287579 | D10: =IF(OR(B10="",B7=""),"",(B10/B7)-1) -> 0.019975612 | E10: =_xlfn.XLOOKUP(A10,VIX!A:A,VIX!B:B,"",-1) -> 13.72 | F10: =IF(OR(E10="",E9=""),"",E10-E9) -> -0.12 | G10: =_xlfn.XLOOKUP(A10,'DGS10'!A:A,'DGS10'!B:B,"",-1) -> 1.8 | H10: =IF(OR(G10="",G9=""),"",G10-G9) -> 0.03 | I10: =_xlfn.XLOOKUP(A10,T10Y3M!A:A,T10Y3M!B:B,"",-1) -> 1.58 | J10: =_xlfn.XLOOKUP(A10,BAMLC0A4CBBB!A:A,BAMLC0A4CBBB!B:B,"",-1) -> 2.23 | K10: =_xlfn.XLOOKUP(A10,CPIAUCSL!A:A,CPIAUCSL!B:B,"",-1) -> 238.992 | L10: =_xlfn.XLOOKUP(A10,DFF!A:A,DFF!B:B,"",-1) -> 0.37 | M10: =_xlfn.XLOOKUP(A10,'DGS2'!A:A,'DGS2'!B:B,"",-1) -> 0.77 | N10: =IF(OR(M10="",M9=""),"",M10-M9) -> 0.02 | O10: =IF(OR(B11="",B10=""),"",(B11/B10)-1) -> -0.00098426142 | P10: =IF(O10="","",IF(O10>0,1,0)) -> 0 | Q10: =IF(O10="","",IF(O10>0.003,1,IF(O10<-0.003,-1,0))) -> 0 | R10: 41.5
A11: 42475 | B11: 2080.73 | C11: =IF(OR(B11="",B10=""),"",(B11/B10)-1) -> -0.00098426142 | D11: =IF(OR(B11="",B8=""),"",(B11/B8)-1) -> 0.0092204567 | E11: =_xlfn.XLOOKUP(A11,VIX!A:A,VIX!B:B,"",-1) -> 13.62 | F11: =IF(OR(E11="",E10=""),"",E11-E10) -> -0.1 | G11: =_xlfn.XLOOKUP(A11,'DGS10'!A:A,'DGS10'!B:B,"",-1) -> 1.76 | H11: =IF(OR(G11="",G10=""),"",G11-G10) -> -0.04 | I11: =_xlfn.XLOOKUP(A11,T10Y3M!A:A,T10Y3M!B:B,"",-1) -> 1.54 | J11: =_xlfn.XLOOKUP(A11,BAMLC0A4CBBB!A:A,BAMLC0A4CBBB!B:B,"",-1) -> 2.22 | K11: =_xlfn.XLOOKUP(A11,CPIAUCSL!A:A,CPIAUCSL!B:B,"",-1) -> 238.992 | L11: =_xlfn.XLOOKUP(A11,DFF!A:A,DFF!B:B,"",-1) -> 0.37 | M11: =_xlfn.XLOOKUP(A11,'DGS2'!A:A,'DGS2'!B:B,"",-1) -> 0.74 | N11: =IF(OR(M11="",M10=""),"",M11-M10) -> -0.03 | O11: =IF(OR(B12="",B11=""),"",(B12/B11)-1) -> 0.0065409736 | P11: =IF(O11="","",IF(O11>0,1,0)) -> 1 | Q11: =IF(O11="","",IF(O11>0.003,1,IF(O11<-0.003,-1,0))) -> 1 | R11: 40.36
A12: 42478 | B12: 2094.34 | C12: =IF(OR(B12="",B11=""),"",(B12/B11)-1) -> 0.0065409736 | D12: =IF(OR(B12="",B9=""),"",(B12/B9)-1) -> 0.0057241094 | E12: =_xlfn.XLOOKUP(A12,VIX!A:A,VIX!B:B,"",-1) -> 13.35 | F12: =IF(OR(E12="",E11=""),"",E12-E11) -> -0.27 | G12: =_xlfn.XLOOKUP(A12,'DGS10'!A:A,'DGS10'!B:B,"",-1) -> 1.78 | H12: =IF(OR(G12="",G11=""),"",G12-G11) -> 0.02 | I12: =_xlfn.XLOOKUP(A12,T10Y3M!A:A,T10Y3M!B:B,"",-1) -> 1.56 | J12: =_xlfn.XLOOKUP(A12,BAMLC0A4CBBB!A:A,BAMLC0A4CBBB!B:B,"",-1) -> 2.21 | K12: =_xlfn.XLOOKUP(A12,CPIAUCSL!A:A,CPIAUCSL!B:B,"",-1) -> 238.992 | L12: =_xlfn.XLOOKUP(A12,DFF!A:A,DFF!B:B,"",-1) -> 0.37 | M12: =_xlfn.XLOOKUP(A12,'DGS2'!A:A,'DGS2'!B:B,"",-1) -> 0.75 | N12: =IF(OR(M12="",M11=""),"",M12-M11) -> 0.01 | O12: =IF(OR(B13="",B12=""),"",(B13/B12)-1) -> 0.0030845039 | P12: =IF(O12="","",IF(O12>0,1,0)) -> 1 | Q12: =IF(O12="","",IF(O12>0.003,1,IF(O12<-0.003,-1,0))) -> 1 | R12: 39.78
A13: 42479 | B13: 2100.8 | C13: =IF(OR(B13="",B12=""),"",(B13/B12)-1) -> 0.0030845039 | D13: =IF(OR(B13="",B10=""),"",(B13/B10)-1) -> 0.0086518979 | E13: =_xlfn.XLOOKUP(A13,VIX!A:A,VIX!B:B,"",-1) -> 13.24 | F13: =IF(OR(E13="",E12=""),"",E13-E12) -> -0.11 | G13: =_xlfn.XLOOKUP(A13,'DGS10'!A:A,'DGS10'!B:B,"",-1) -> 1.79 | H13: =IF(OR(G13="",G12=""),"",G13-G12) -> 0.01 | I13: =_xlfn.XLOOKUP(A13,T10Y3M!A:A,T10Y3M!B:B,"",-1) -> 1.58 | J13: =_xlfn.XLOOKUP(A13,BAMLC0A4CBBB!A:A,BAMLC0A4CBBB!B:B,"",-1) -> 2.18 | K13: =_xlfn.XLOOKUP(A13,CPIAUCSL!A:A,CPIAUCSL!B:B,"",-1) -> 238.992 | L13: =_xlfn.XLOOKUP(A13,DFF!A:A,DFF!B:B,"",-1) -> 0.37 | M13: =_xlfn.XLOOKUP(A13,'DGS2'!A:A,'DGS2'!B:B,"",-1) -> 0.77 | N13: =IF(OR(M13="",M12=""),"",M13-M12) -> 0.02 | O13: =IF(OR(B14="",B13=""),"",(B14/B13)-1) -> 0.00076161462 | P13: =IF(O13="","",IF(O13>0,1,0)) -> 1 | Q13: =IF(O13="","",IF(O13>0.003,1,IF(O13<-0.003,-1,0))) -> 0 | R13: 41.08
A14: 42480 | B14: 2102.4 | C14: =IF(OR(B14="",B13=""),"",(B14/B13)-1) -> 0.00076161462 | D14: =IF(OR(B14="",B11=""),"",(B14/B11)-1) -> 0.010414614 | E14: =_xlfn.XLOOKUP(A14,VIX!A:A,VIX!B:B,"",-1) -> 13.28 | F14: =IF(OR(E14="",E13=""),"",E14-E13) -> 0.04 | G14: =_xlfn.XLOOKUP(A14,'DGS10'!A:A,'DGS10'!B:B,"",-1) -> 1.85 | H14: =IF(OR(G14="",G13=""),"",G14-G13) -> 0.06 | I14: =_xlfn.XLOOKUP(A14,T10Y3M!A:A,T10Y3M!B:B,"",-1) -> 1.62 | J14: =_xlfn.XLOOKUP(A14,BAMLC0A4CBBB!A:A,BAMLC0A4CBBB!B:B,"",-1) -> 2.14 | K14: =_xlfn.XLOOKUP(A14,CPIAUCSL!A:A,CPIAUCSL!B:B,"",-1) -> 238.992 | L14: =_xlfn.XLOOKUP(A14,DFF!A:A,DFF!B:B,"",-1) -> 0.37 | M14: =_xlfn.XLOOKUP(A14,'DGS2'!A:A,'DGS2'!B:B,"",-1) -> 0.8 | N14: =IF(OR(M14="",M13=""),"",M14-M13) -> 0.03 | O14: =IF(OR(B15="",B14=""),"",(B15/B14)-1) -> -0.0051940639 | P14: =IF(O14="","",IF(O14>0,1,0)) -> 0 | Q14: =IF(O14="","",IF(O14>0.003,1,IF(O14<-0.003,-1,0))) -> -1 | R14: 42.63
A15: 42481 | B15: 2091.48 | C15: =IF(OR(B15="",B14=""),"",(B15/B14)-1) -> -0.0051940639 | D15: =IF(OR(B15="",B12=""),"",(B15/B12)-1) -> -0.0013655853 | E15: =_xlfn.XLOOKUP(A15,VIX!A:A,VIX!B:B,"",-1) -> 13.95 | F15: =IF(OR(E15="",E14=""),"",E15-E14) -> 0.67 | G15: =_xlfn.XLOOKUP(A15,'DGS10'!A:A,'DGS10'!B:B,"",-1) -> 1.88 | H15: =IF(OR(G15="",G14=""),"",G15-G14) -> 0.03 | I15: =_xlfn.XLOOKUP(A15,T10Y3M!A:A,T10Y3M!B:B,"",-1) -> 1.65 | J15: =_xlfn.XLOOKUP(A15,BAMLC0A4CBBB!A:A,BAMLC0A4CBBB!B:B,"",-1) -> 2.11 | K15: =_xlfn.XLOOKUP(A15,CPIAUCSL!A:A,CPIAUCSL!B:B,"",-1) -> 238.992 | L15: =_xlfn.XLOOKUP(A15,DFF!A:A,DFF!B:B,"",-1) -> 0.37 | M15: =_xlfn.XLOOKUP(A15,'DGS2'!A:A,'DGS2'!B:B,"",-1) -> 0.82 | N15: =IF(OR(M15="",M14=""),"",M15-M14) -> 0.02 | O15: =IF(OR(B16="",B15=""),"",(B16/B15)-1) -> 4.7813032e-05 | P15: =IF(O15="","",IF(O15>0,1,0)) -> 1 | Q15: =IF(O15="","",IF(O15>0.003,1,IF(O15<-0.003,-1,0))) -> 0 | R15: 43.18
A16: 42482 | B16: 2091.58 | C16: =IF(OR(B16="",B15=""),"",(B16/B15)-1) -> 4.7813032e-05 | D16: =IF(OR(B16="",B13=""),"",(B16/B13)-1) -> -0.0043888043 | E16: =_xlfn.XLOOKUP(A16,VIX!A:A,VIX!B:B,"",-1) -> 13.22 | F16: =IF(OR(E16="",E15=""),"",E16-E15) -> -0.73 | G16: =_xlfn.XLOOKUP(A16,'DGS10'!A:A,'DGS10'!B:B,"",-1) -> 1.89 | H16: =IF(OR(G16="",G15=""),"",G16-G15) -> 0.01 | I16: =_xlfn.XLOOKUP(A16,T10Y3M!A:A,T10Y3M!B:B,"",-1) -> 1.66 | J16: =_xlfn.XLOOKUP(A16,BAMLC0A4CBBB!A:A,BAMLC0A4CBBB!B:B,"",-1) -> 2.09 | K16: =_xlfn.XLOOKUP(A16,CPIAUCSL!A:A,CPIAUCSL!B:B,"",-1) -> 238.992 | L16: =_xlfn.XLOOKUP(A16,DFF!A:A,DFF!B:B,"",-1) -> 0.37 | M16: =_xlfn.XLOOKUP(A16,'DGS2'!A:A,'DGS2'!B:B,"",-1) -> 0.84 | N16: =IF(OR(M16="",M15=""),"",M16-M15) -> 0.02 | O16: =IF(OR(B17="",B16=""),"",(B17/B16)-1) -> -0.0018120273 | P16: =IF(O16="","",IF(O16>0,1,0)) -> 0 | Q16: =IF(O16="","",IF(O16>0.003,1,IF(O16<-0.003,-1,0))) -> 0 | R16: 43.73
... A431: 43082 | B431: 2662.85 | C431: =IF(OR(B431="",B430=""),"",(B431/B430)-1) -> -0.00047295344 | D431: =IF(OR(B431="",B428=""),"",(B431/B428)-1) -> 0.0042805959 | E431: =_xlfn.XLOOKUP(A431,VIX!A:A,VIX!B:B,"",-1) -> 10.18 | F431: =IF(OR(E431="",E430=""),"",E431-E430) -> 0.26 | G431: =_xlfn.XLOOKUP(A431,'DGS10'!A:A,'DGS10'!B:B,"",-1) -> 2.36 | H431: =IF(OR(G431="",G430=""),"",G431-G430) -> -0.04 | I431: =_xlfn.XLOOKUP(A431,T10Y3M!A:A,T10Y3M!B:B,"",-1) -> 1.06 | J431: =_xlfn.XLOOKUP(A431,BAMLC0A4CBBB!A:A,BAMLC0A4CBBB!B:B,"",-1) -> 1.31 | K431: =_xlfn.XLOOKUP(A431,CPIAUCSL!A:A,CPIAUCSL!B:B,"",-1) -> 247.805 | L431: =_xlfn.XLOOKUP(A431,DFF!A:A,DFF!B:B,"",-1) -> 1.17 | M431: =_xlfn.XLOOKUP(A431,'DGS2'!A:A,'DGS2'!B:B,"",-1) -> 1.79 | N431: =IF(OR(M431="",M430=""),"",M431-M430) -> -0.04 | O431: =IF(OR(B432="",B431=""),"",(B432/B431)-1) -> -0.0040708264 | P431: =IF(O431="","",IF(O431>0,1,0)) -> 0 | Q431: =IF(O431="","",IF(O431>0.003,1,IF(O431<-0.003,-1,0))) -> -1 | R431: 58.02
A432: 43083 | B432: 2652.01 | C432: =IF(OR(B432="",B431=""),"",(B432/B431)-1) -> -0.0040708264 | D432: =IF(OR(B432="",B429=""),"",(B432/B429)-1) -> -0.0030000113 | E432: =_xlfn.XLOOKUP(A432,VIX!A:A,VIX!B:B,"",-1) -> 10.49 | F432: =IF(OR(E432="",E431=""),"",E432-E431) -> 0.31 | G432: =_xlfn.XLOOKUP(A432,'DGS10'!A:A,'DGS10'!B:B,"",-1) -> 2.35 | H432: =IF(OR(G432="",G431=""),"",G432-G431) -> -0.01 | I432: =_xlfn.XLOOKUP(A432,T10Y3M!A:A,T10Y3M!B:B,"",-1) -> 1.03 | J432: =_xlfn.XLOOKUP(A432,BAMLC0A4CBBB!A:A,BAMLC0A4CBBB!B:B,"",-1) -> 1.31 | K432: =_xlfn.XLOOKUP(A432,CPIAUCSL!A:A,CPIAUCSL!B:B,"",-1) -> 247.805 | L432: =_xlfn.XLOOKUP(A432,DFF!A:A,DFF!B:B,"",-1) -> 1.41 | M432: =_xlfn.XLOOKUP(A432,'DGS2'!A:A,'DGS2'!B:B,"",-1) -> 1.82 | N432: =IF(OR(M432="",M431=""),"",M432-M431) -> 0.03 | O432: =IF(OR(B433="",B432=""),"",(B433/B432)-1) -> 0.0089743251 | P432: =IF(O432="","",IF(O432>0,1,0)) -> 1 | Q432: =IF(O432="","",IF(O432>0.003,1,IF(O432<-0.003,-1,0))) -> 1
A433: 43084 | B433: 2675.81 | C433: =IF(OR(B433="",B432=""),"",(B433/B432)-1) -> 0.0089743251 | D433: =IF(OR(B433="",B430=""),"",(B433/B430)-1) -> 0.0043917106 | E433: =_xlfn.XLOOKUP(A433,VIX!A:A,VIX!B:B,"",-1) -> 9.42 | F433: =IF(OR(E433="",E432=""),"",E433-E432) -> -1.07 | G433: =_xlfn.XLOOKUP(A433,'DGS10'!A:A,'DGS10'!B:B,"",-1) -> 2.35 | H433: =IF(OR(G433="",G432=""),"",G433-G432) -> 0 | I433: =_xlfn.XLOOKUP(A433,T10Y3M!A:A,T10Y3M!B:B,"",-1) -> 1.04 | J433: =_xlfn.XLOOKUP(A433,BAMLC0A4CBBB!A:A,BAMLC0A4CBBB!B:B,"",-1) -> 1.3 | K433: =_xlfn.XLOOKUP(A433,CPIAUCSL!A:A,CPIAUCSL!B:B,"",-1) -> 247.805 | L433: =_xlfn.XLOOKUP(A433,DFF!A:A,DFF!B:B,"",-1) -> 1.41 | M433: =_xlfn.XLOOKUP(A433,'DGS2'!A:A,'DGS2'!B:B,"",-1) -> 1.84 | N433: =IF(OR(M433="",M432=""),"",M433-M432) -> 0.02 | O433: =IF(OR(B434="",B433=""),"",(B434/B433)-1) -> 0.0053628621 | P433: =IF(O433="","",IF(O433>0,1,0)) -> 1 | Q433: =IF(O433="","",IF(O433>0.003,1,IF(O433<-0.003,-1,0))) -> 1 | R433: 58.95
A434: 43087 | B434: 2690.16 | C434: =IF(OR(B434="",B433=""),"",(B434/B433)-1) -> 0.0053628621 | D434: =IF(OR(B434="",B431=""),"",(B434/B431)-1) -> 0.010255929 | E434: =_xlfn.XLOOKUP(A434,VIX!A:A,VIX!B:B,"",-1) -> 9.53 | F434: =IF(OR(E434="",E433=""),"",E434-E433) -> 0.11 | G434: =_xlfn.XLOOKUP(A434,'DGS10'!A:A,'DGS10'!B:B,"",-1) -> 2.39 | H434: =IF(OR(G434="",G433=""),"",G434-G433) -> 0.04 | I434: =_xlfn.XLOOKUP(A434,T10Y3M!A:A,T10Y3M!B:B,"",-1) -> 1.01 | J434: =_xlfn.XLOOKUP(A434,BAMLC0A4CBBB!A:A,BAMLC0A4CBBB!B:B,"",-1) -> 1.3 | K434: =_xlfn.XLOOKUP(A434,CPIAUCSL!A:A,CPIAUCSL!B:B,"",-1) -> 247.805 | L434: =_xlfn.XLOOKUP(A434,DFF!A:A,DFF!B:B,"",-1) -> 1.42 | M434: =_xlfn.XLOOKUP(A434,'DGS2'!A:A,'DGS2'!B:B,"",-1) -> 1.84 | N434: =IF(OR(M434="",M433=""),"",M434-M433) -> 0 | O434: =IF(OR(B435="",B434=""),"",(B435/B434)-1) -> -0.0032302911 | P434: =IF(O434="","",IF(O434>0,1,0)) -> 0 | Q434: =IF(O434="","",IF(O434>0.003,1,IF(O434<-0.003,-1,0))) -> -1 | R434: 58.11
A435: 43088 | B435: 2681.47 | C435: =IF(OR(B435="",B434=""),"",(B435/B434)-1) -> -0.0032302911 | D435: =IF(OR(B435="",B432=""),"",(B435/B432)-1) -> 0.011108555 | E435: =_xlfn.XLOOKUP(A435,VIX!A:A,VIX!B:B,"",-1) -> 10.03 | F435: =IF(OR(E435="",E434=""),"",E435-E434) -> 0.5 | G435: =_xlfn.XLOOKUP(A435,'DGS10'!A:A,'DGS10'!B:B,"",-1) -> 2.46 | H435: =IF(OR(G435="",G434=""),"",G435-G434) -> 0.07 | I435: =_xlfn.XLOOKUP(A435,T10Y3M!A:A,T10Y3M!B:B,"",-1) -> 1.09 | J435: =_xlfn.XLOOKUP(A435,BAMLC0A4CBBB!A:A,BAMLC0A4CBBB!B:B,"",-1) -> 1.29 | K435: =_xlfn.XLOOKUP(A435,CPIAUCSL!A:A,CPIAUCSL!B:B,"",-1) -> 247.805 | L435: =_xlfn.XLOOKUP(A435,DFF!A:A,DFF!B:B,"",-1) -> 1.42 | M435: =_xlfn.XLOOKUP(A435,'DGS2'!A:A,'DGS2'!B:B,"",-1) -> 1.87 | N435: =IF(OR(M435="",M434=""),"",M435-M434) -> 0.03 | O435: =IF(OR(B436="",B435=""),"",(B436/B435)-1) -> -0.0008279041 | P435: =IF(O435="","",IF(O435>0,1,0)) -> 0 | Q435: =IF(O435="","",IF(O435>0.003,1,IF(O435<-0.003,-1,0))) -> 0 | R435: 57.99
A436: 43089 | B436: 2679.25 | C436: =IF(OR(B436="",B435=""),"",(B436/B435)-1) -> -0.0008279041 | D436: =IF(OR(B436="",B433=""),"",(B436/B433)-1) -> 0.001285592 | E436: =_xlfn.XLOOKUP(A436,VIX!A:A,VIX!B:B,"",-1) -> 9.72 | F436: =IF(OR(E436="",E435=""),"",E436-E435) -> -0.31 | G436: =_xlfn.XLOOKUP(A436,'DGS10'!A:A,'DGS10'!B:B,"",-1) -> 2.49 | H436: =IF(OR(G436="",G435=""),"",G436-G435) -> 0.03 | I436: =_xlfn.XLOOKUP(A436,T10Y3M!A:A,T10Y3M!B:B,"",-1) -> 1.11 | J436: =_xlfn.XLOOKUP(A436,BAMLC0A4CBBB!A:A,BAMLC0A4CBBB!B:B,"",-1) -> 1.28 | K436: =_xlfn.XLOOKUP(A436,CPIAUCSL!A:A,CPIAUCSL!B:B,"",-1) -> 247.805 | L436: =_xlfn.XLOOKUP(A436,DFF!A:A,DFF!B:B,"",-1) -> 1.42 | M436: =_xlfn.XLOOKUP(A436,'DGS2'!A:A,'DGS2'!B:B,"",-1) -> 1.87 | N436: =IF(OR(M436="",M435=""),"",M436-M435) -> 0 | O436: =IF(OR(B437="",B436=""),"",(B437/B436)-1) -> 0.0019856303 | P436: =IF(O436="","",IF(O436>0,1,0)) -> 1 | Q436: =IF(O436="","",IF(O436>0.003,1,IF(O436<-0.003,-1,0))) -> 0 | R436: 57.3
A437: 43090 | B437: 2684.57 | C437: =IF(OR(B437="",B436=""),"",(B437/B436)-1) -> 0.0019856303 | D437: =IF(OR(B437="",B434=""),"",(B437/B434)-1) -> -0.0020779433 | E437: =_xlfn.XLOOKUP(A437,VIX!A:A,VIX!B:B,"",-1) -> 9.62 | F437: =IF(OR(E437="",E436=""),"",E437-E436) -> -0.1 | G437: =_xlfn.XLOOKUP(A437,'DGS10'!A:A,'DGS10'!B:B,"",-1) -> 2.48 | H437: =IF(OR(G437="",G436=""),"",G437-G436) -> -0.01 | I437: =_xlfn.XLOOKUP(A437,T10Y3M!A:A,T10Y3M!B:B,"",-1) -> 1.13 | J437: =_xlfn.XLOOKUP(A437,BAMLC0A4CBBB!A:A,BAMLC0A4CBBB!B:B,"",-1) -> 1.28 | K437: =_xlfn.XLOOKUP(A437,CPIAUCSL!A:A,CPIAUCSL!B:B,"",-1) -> 247.805 | L437: =_xlfn.XLOOKUP(A437,DFF!A:A,DFF!B:B,"",-1) -> 1.42 | M437: =_xlfn.XLOOKUP(A437,'DGS2'!A:A,'DGS2'!B:B,"",-1) -> 1.89 | N437: =IF(OR(M437="",M436=""),"",M437-M436) -> 0.02 | O437: =IF(OR(B438="",B437=""),"",(B438/B437)-1) -> -0.00045817393 | P437: =IF(O437="","",IF(O437>0,1,0)) -> 0 | Q437: =IF(O437="","",IF(O437>0.003,1,IF(O437<-0.003,-1,0))) -> 0 | R437: 57.4
A438: 43091 | B438: 2683.34 | C438: =IF(OR(B438="",B437=""),"",(B438/B437)-1) -> -0.00045817393 | D438: =IF(OR(B438="",B435=""),"",(B438/B435)-1) -> 0.00069737868 | E438: =_xlfn.XLOOKUP(A438,VIX!A:A,VIX!B:B,"",-1) -> 9.9 | F438: =IF(OR(E438="",E437=""),"",E438-E437) -> 0.28 | G438: =_xlfn.XLOOKUP(A438,'DGS10'!A:A,'DGS10'!B:B,"",-1) -> 2.48 | H438: =IF(OR(G438="",G437=""),"",G438-G437) -> 0 | I438: =_xlfn.XLOOKUP(A438,T10Y3M!A:A,T10Y3M!B:B,"",-1) -> 1.15 | J438: =_xlfn.XLOOKUP(A438,BAMLC0A4CBBB!A:A,BAMLC0A4CBBB!B:B,"",-1) -> 1.28 | K438: =_xlfn.XLOOKUP(A438,CPIAUCSL!A:A,CPIAUCSL!B:B,"",-1) -> 247.805 | L438: =_xlfn.XLOOKUP(A438,DFF!A:A,DFF!B:B,"",-1) -> 1.42 | M438: =_xlfn.XLOOKUP(A438,'DGS2'!A:A,'DGS2'!B:B,"",-1) -> 1.91 | N438: =IF(OR(M438="",M437=""),"",M438-M437) -> 0.02 | O438: =IF(OR(B439="",B438=""),"",(B439/B438)-1) -> -0.0010583825 | P438: =IF(O438="","",IF(O438>0,1,0)) -> 0 | Q438: =IF(O438="","",IF(O438>0.003,1,IF(O438<-0.003,-1,0))) -> 0 | R438: 58.36
A439: 43095 | B439: 2680.5 | C439: =IF(OR(B439="",B438=""),"",(B439/B438)-1) -> -0.0010583825 | D439: =IF(OR(B439="",B436=""),"",(B439/B436)-1) -> 0.00046654847 | E439: =_xlfn.XLOOKUP(A439,VIX!A:A,VIX!B:B,"",-1) -> 10.25 | F439: =IF(OR(E439="",E438=""),"",E439-E438) -> 0.35 | G439: =_xlfn.XLOOKUP(A439,'DGS10'!A:A,'DGS10'!B:B,"",-1) -> 2.47 | H439: =IF(OR(G439="",G438=""),"",G439-G438) -> -0.01 | I439: =_xlfn.XLOOKUP(A439,T10Y3M!A:A,T10Y3M!B:B,"",-1) -> 1 | J439: =_xlfn.XLOOKUP(A439,BAMLC0A4CBBB!A:A,BAMLC0A4CBBB!B:B,"",-1) -> 1.28 | K439: =_xlfn.XLOOKUP(A439,CPIAUCSL!A:A,CPIAUCSL!B:B,"",-1) -> 247.805 | L439: =_xlfn.XLOOKUP(A439,DFF!A:A,DFF!B:B,"",-1) -> 1.42 | M439: =_xlfn.XLOOKUP(A439,'DGS2'!A:A,'DGS2'!B:B,"",-1) -> 1.92 | N439: =IF(OR(M439="",M438=""),"",M439-M438) -> 0.01 | O439: =IF(OR(B440="",B439=""),"",(B440/B439)-1) -> 0.00079089722 | P439: =IF(O439="","",IF(O439>0,1,0)) -> 1 | Q439: =IF(O439="","",IF(O439>0.003,1,IF(O439<-0.003,-1,0))) -> 0 | R439: 57.47
A440: 43096 | B440: 2682.62 | C440: =IF(OR(B440="",B439=""),"",(B440/B439)-1) -> 0.00079089722 | D440: =IF(OR(B440="",B437=""),"",(B440/B437)-1) -> -0.00072637331 | E440: =_xlfn.XLOOKUP(A440,VIX!A:A,VIX!B:B,"",-1) -> 10.47 | F440: =IF(OR(E440="",E439=""),"",E440-E439) -> 0.22 | G440: =_xlfn.XLOOKUP(A440,'DGS10'!A:A,'DGS10'!B:B,"",-1) -> 2.42 | H440: =IF(OR(G440="",G439=""),"",G440-G439) -> -0.05 | I440: =_xlfn.XLOOKUP(A440,T10Y3M!A:A,T10Y3M!B:B,"",-1) -> 0.98 | J440: =_xlfn.XLOOKUP(A440,BAMLC0A4CBBB!A:A,BAMLC0A4CBBB!B:B,"",-1) -> 1.28 | K440: =_xlfn.XLOOKUP(A440,CPIAUCSL!A:A,CPIAUCSL!B:B,"",-1) -> 247.805 | L440: =_xlfn.XLOOKUP(A440,DFF!A:A,DFF!B:B,"",-1) -> 1.42 | M440: =_xlfn.XLOOKUP(A440,'DGS2'!A:A,'DGS2'!B:B,"",-1) -> 1.89 | N440: =IF(OR(M440="",M439=""),"",M440-M439) -> -0.03 | O440: =IF(OR(B441="",B440=""),"",(B441/B440)-1) -> 0.0018340279 | P440: =IF(O440="","",IF(O440>0,1,0)) -> 1 | Q440: =IF(O440="","",IF(O440>0.003,1,IF(O440<-0.003,-1,0))) -> 0 | R440: 57.62
A441: 43097 | B441: 2687.54 | C441: =IF(OR(B441="",B440=""),"",(B441/B440)-1) -> 0.0018340279 | D441: =IF(OR(B441="",B438=""),"",(B441/B438)-1) -> 0.0015652135 | E441: =_xlfn.XLOOKUP(A441,VIX!A:A,VIX!B:B,"",-1) -> 10.18 | F441: =IF(OR(E441="",E440=""),"",E441-E440) -> -0.29 | G441: =_xlfn.XLOOKUP(A441,'DGS10'!A:A,'DGS10'!B:B,"",-1) -> 2.43 | H441: =IF(OR(G441="",G440=""),"",G441-G440) -> 0.01 | I441: =_xlfn.XLOOKUP(A441,T10Y3M!A:A,T10Y3M!B:B,"",-1) -> 1.04 | J441: =_xlfn.XLOOKUP(A441,BAMLC0A4CBBB!A:A,BAMLC0A4CBBB!B:B,"",-1) -> 1.27 | K441: =_xlfn.XLOOKUP(A441,CPIAUCSL!A:A,CPIAUCSL!B:B,"",-1) -> 247.805 | L441: =_xlfn.XLOOKUP(A441,DFF!A:A,DFF!B:B,"",-1) -> 1.42 | M441: =_xlfn.XLOOKUP(A441,'DGS2'!A:A,'DGS2'!B:B,"",-1) -> 1.91 | N441: =IF(OR(M441="",M440=""),"",M441-M440) -> 0.02 | O441: =IF(OR(B442="",B441=""),"",(B442/B441)-1) -> -0.0051831787 | P441: =IF(O441="","",IF(O441>0,1,0)) -> 0 | Q441: =IF(O441="","",IF(O441>0.003,1,IF(O441<-0.003,-1,0))) -> -1 | R441: 55.96
A442: 43098 | B442: 2673.61 | C442: =IF(OR(B442="",B441=""),"",(B442/B441)-1) -> -0.0051831787 | D442: =IF(OR(B442="",B439=""),"",(B442/B439)-1) -> -0.002570416 | E442: =_xlfn.XLOOKUP(A442,VIX!A:A,VIX!B:B,"",-1) -> 11.04 | F442: =IF(OR(E442="",E441=""),"",E442-E441) -> 0.86 | G442: =_xlfn.XLOOKUP(A442,'DGS10'!A:A,'DGS10'!B:B,"",-1) -> 2.4 | H442: =IF(OR(G442="",G441=""),"",G442-G441) -> -0.03 | I442: =_xlfn.XLOOKUP(A442,T10Y3M!A:A,T10Y3M!B:B,"",-1) -> 1.01 | J442: =_xlfn.XLOOKUP(A442,BAMLC0A4CBBB!A:A,BAMLC0A4CBBB!B:B,"",-1) -> 1.28 | K442: =_xlfn.XLOOKUP(A442,CPIAUCSL!A:A,CPIAUCSL!B:B,"",-1) -> 247.805 | L442: =_xlfn.XLOOKUP(A442,DFF!A:A,DFF!B:B,"",-1) -> 1.33 | M442: =_xlfn.XLOOKUP(A442,'DGS2'!A:A,'DGS2'!B:B,"",-1) -> 1.89 | N442: =IF(OR(M442="",M441=""),"",M442-M441) -> -0.02 | O442: =IF(OR(B443="",B442=""),"",(B443/B442)-1) -> 0.0083033801 | P442: =IF(O442="","",IF(O442>0,1,0)) -> 1 | Q442: =IF(O442="","",IF(O442>0.003,1,IF(O442<-0.003,-1,0))) -> 1 | R442: 56.69
A443: 43102 | B443: 2695.81 | C443: =IF(OR(B443="",B442=""),"",(B443/B442)-1) -> 0.0083033801 | D443: =IF(OR(B443="",B440=""),"",(B443/B440)-1) -> 0.004916835 | E443: =_xlfn.XLOOKUP(A443,VIX!A:A,VIX!B:B,"",-1) -> 9.77 | F443: =IF(OR(E443="",E442=""),"",E443-E442) -> -1.27 | G443: =_xlfn.XLOOKUP(A443,'DGS10'!A:A,'DGS10'!B:B,"",-1) -> 2.46 | H443: =IF(OR(G443="",G442=""),"",G443-G442) -> 0.06 | I443: =_xlfn.XLOOKUP(A443,T10Y3M!A:A,T10Y3M!B:B,"",-1) -> 1.02 | J443: =_xlfn.XLOOKUP(A443,BAMLC0A4CBBB!A:A,BAMLC0A4CBBB!B:B,"",-1) -> 1.28 | K443: =_xlfn.XLOOKUP(A443,CPIAUCSL!A:A,CPIAUCSL!B:B,"",-1) -> 248.859 | L443: =_xlfn.XLOOKUP(A443,DFF!A:A,DFF!B:B,"",-1) -> 1.42 | M443: =_xlfn.XLOOKUP(A443,'DGS2'!A:A,'DGS2'!B:B,"",-1) -> 1.92 | N443: =IF(OR(M443="",M442=""),"",M443-M442) -> 0.03 | O443: =IF(OR(B444="",B443=""),"",(B444/B443)-1) -> 0.0063988189 | P443: =IF(O443="","",IF(O443>0,1,0)) -> 1 | Q443: =IF(O443="","",IF(O443>0.003,1,IF(O443<-0.003,-1,0))) -> 1 | R443: 57.36
A444: 43103 | B444: 2713.06 | C444: =IF(OR(B444="",B443=""),"",(B444/B443)-1) -> 0.0063988189 | D444: =IF(OR(B444="",B441=""),"",(B444/B441)-1) -> 0.0094956726 | E444: =_xlfn.XLOOKUP(A444,VIX!A:A,VIX!B:B,"",-1) -> 9.15 | F444: =IF(OR(E444="",E443=""),"",E444-E443) -> -0.62 | G444: =_xlfn.XLOOKUP(A444,'DGS10'!A:A,'DGS10'!B:B,"",-1) -> 2.44 | H444: =IF(OR(G444="",G443=""),"",G444-G443) -> -0.02 | I444: =_xlfn.XLOOKUP(A444,T10Y3M!A:A,T10Y3M!B:B,"",-1) -> 1.03 | J444: =_xlfn.XLOOKUP(A444,BAMLC0A4CBBB!A:A,BAMLC0A4CBBB!B:B,"",-1) -> 1.27 | K444: =_xlfn.XLOOKUP(A444,CPIAUCSL!A:A,CPIAUCSL!B:B,"",-1) -> 248.859 | L444: =_xlfn.XLOOKUP(A444,DFF!A:A,DFF!B:B,"",-1) -> 1.42 | M444: =_xlfn.XLOOKUP(A444,'DGS2'!A:A,'DGS2'!B:B,"",-1) -> 1.94 | N444: =IF(OR(M444="",M443=""),"",M444-M443) -> 0.02 | O444: =IF(OR(B445="",B444=""),"",(B445/B444)-1) -> 0.0040286614 | P444: =IF(O444="","",IF(O444>0,1,0)) -> 1 | Q444: =IF(O444="","",IF(O444>0.003,1,IF(O444<-0.003,-1,0))) -> 1 | R444: 57.99
... A453: 43117 | B453: 2802.56 | C453: =IF(OR(B453="",B452=""),"",(B453/B452)-1) -> 0.0094150021 | D453: =IF(OR(B453="",B450=""),"",(B453/B450)-1) -> 0.012646519 | E453: =_xlfn.XLOOKUP(A453,VIX!A:A,VIX!B:B,"",-1) -> 11.91 | F453: =IF(OR(E453="",E452=""),"",E453-E452) -> 0.25 | G453: =_xlfn.XLOOKUP(A453,'DGS10'!A:A,'DGS10'!B:B,"",-1) -> 2.57 | H453: =IF(OR(G453="",G452=""),"",G453-G452) -> 0.03 | I453: =_xlfn.XLOOKUP(A453,T10Y3M!A:A,T10Y3M!B:B,"",-1) -> 1.13 | J453: =_xlfn.XLOOKUP(A453,BAMLC0A4CBBB!A:A,BAMLC0A4CBBB!B:B,"",-1) -> 1.21 | K453: =_xlfn.XLOOKUP(A453,CPIAUCSL!A:A,CPIAUCSL!B:B,"",-1) -> 248.859 | L453: =_xlfn.XLOOKUP(A453,DFF!A:A,DFF!B:B,"",-1) -> 1.42 | M453: =_xlfn.XLOOKUP(A453,'DGS2'!A:A,'DGS2'!B:B,"",-1) -> 2.05 | N453: =IF(OR(M453="",M452=""),"",M453-M452) -> 0.02 | O453: =IF(OR(B454="",B453=""),"",(B454/B453)-1) -> -0.0016163793 | P453: =IF(O453="","",IF(O453>0,1,0)) -> 0 | Q453: =IF(O453="","",IF(O453>0.003,1,IF(O453<-0.003,-1,0))) -> 0 | R453: 58.47
A454: 43118 | B454: 2798.03 | C454: =IF(OR(B454="",B453=""),"",(B454/B453)-1) -> -0.0016163793 | D454: =IF(OR(B454="",B451=""),"",(B454/B451)-1) -> 0.0042315091 | E454: =_xlfn.XLOOKUP(A454,VIX!A:A,VIX!B:B,"",-1) -> 12.22 | F454: =IF(OR(E454="",E453=""),"",E454-E453) -> 0.31 | G454: =_xlfn.XLOOKUP(A454,'DGS10'!A:A,'DGS10'!B:B,"",-1) -> 2.62 | H454: =IF(OR(G454="",G453=""),"",G454-G453) -> 0.05 | I454: =_xlfn.XLOOKUP(A454,T10Y3M!A:A,T10Y3M!B:B,"",-1) -> 1.17 | J454: =_xlfn.XLOOKUP(A454,BAMLC0A4CBBB!A:A,BAMLC0A4CBBB!B:B,"",-1) -> 1.21 | K454: =_xlfn.XLOOKUP(A454,CPIAUCSL!A:A,CPIAUCSL!B:B,"",-1) -> 248.859 | L454: =_xlfn.XLOOKUP(A454,DFF!A:A,DFF!B:B,"",-1) -> 1.42 | M454: =_xlfn.XLOOKUP(A454,'DGS2'!A:A,'DGS2'!B:B,"",-1) -> 2.05 | N454: =IF(OR(M454="",M453=""),"",M454-M453) -> 0 | O454: =IF(OR(B455="",B454=""),"",(B455/B454)-1) -> 0.0043852282 | P454: =IF(O454="","",IF(O454>0,1,0)) -> 1 | Q454: =IF(O454="","",IF(O454>0.003,1,IF(O454<-0.003,-1,0))) -> 1
A455: 43119 | B455: 2810.3 | C455: =IF(OR(B455="",B454=""),"",(B455/B454)-1) -> 0.0043852282 | D455: =IF(OR(B455="",B452=""),"",(B455/B452)-1) -> 0.012202765 | E455: =_xlfn.XLOOKUP(A455,VIX!A:A,VIX!B:B,"",-1) -> 11.27 | F455: =IF(OR(E455="",E454=""),"",E455-E454) -> -0.95 | G455: =_xlfn.XLOOKUP(A455,'DGS10'!A:A,'DGS10'!B:B,"",-1) -> 2.64 | H455: =IF(OR(G455="",G454=""),"",G455-G454) -> 0.02 | I455: =_xlfn.XLOOKUP(A455,T10Y3M!A:A,T10Y3M!B:B,"",-1) -> 1.2 | J455: =_xlfn.XLOOKUP(A455,BAMLC0A4CBBB!A:A,BAMLC0A4CBBB!B:B,"",-1) -> 1.21 | K455: =_xlfn.XLOOKUP(A455,CPIAUCSL!A:A,CPIAUCSL!B:B,"",-1) -> 248.859 | L455: =_xlfn.XLOOKUP(A455,DFF!A:A,DFF!B:B,"",-1) -> 1.42 | M455: =_xlfn.XLOOKUP(A455,'DGS2'!A:A,'DGS2'!B:B,"",-1) -> 2.06 | N455: =IF(OR(M455="",M454=""),"",M455-M454) -> 0.01 | O455: =IF(OR(B456="",B455=""),"",(B456/B455)-1) -> 0.0080667544 | P455: =IF(O455="","",IF(O455>0,1,0)) -> 1 | Q455: =IF(O455="","",IF(O455>0.003,1,IF(O455<-0.003,-1,0))) -> 1 | R455: 59.97
A456: 43122 | B456: 2832.97 | C456: =IF(OR(B456="",B455=""),"",(B456/B455)-1) -> 0.0080667544 | D456: =IF(OR(B456="",B453=""),"",(B456/B453)-1) -> 0.010850794 | E456: =_xlfn.XLOOKUP(A456,VIX!A:A,VIX!B:B,"",-1) -> 11.03 | F456: =IF(OR(E456="",E455=""),"",E456-E455) -> -0.24 | G456: =_xlfn.XLOOKUP(A456,'DGS10'!A:A,'DGS10'!B:B,"",-1) -> 2.66 | H456: =IF(OR(G456="",G455=""),"",G456-G455) -> 0.02 | I456: =_xlfn.XLOOKUP(A456,T10Y3M!A:A,T10Y3M!B:B,"",-1) -> 1.22 | J456: =_xlfn.XLOOKUP(A456,BAMLC0A4CBBB!A:A,BAMLC0A4CBBB!B:B,"",-1) -> 1.21 | K456: =_xlfn.XLOOKUP(A456,CPIAUCSL!A:A,CPIAUCSL!B:B,"",-1) -> 248.859 | L456: =_xlfn.XLOOKUP(A456,DFF!A:A,DFF!B:B,"",-1) -> 1.42 | M456: =_xlfn.XLOOKUP(A456,'DGS2'!A:A,'DGS2'!B:B,"",-1) -> 2.08 | N456: =IF(OR(M456="",M455=""),"",M456-M455) -> 0.02 | O456: =IF(OR(B457="",B456=""),"",(B457/B456)-1) -> 0.0021743965 | P456: =IF(O456="","",IF(O456>0,1,0)) -> 1 | Q456: =IF(O456="","",IF(O456>0.003,1,IF(O456<-0.003,-1,0))) -> 0 | R456: 59.64
A457: 43123 | B457: 2839.13 | C457: =IF(OR(B457="",B456=""),"",(B457/B456)-1) -> 0.0021743965 | D457: =IF(OR(B457="",B454=""),"",(B457/B454)-1) -> 0.014688906 | E457: =_xlfn.XLOOKUP(A457,VIX!A:A,VIX!B:B,"",-1) -> 11.1 | F457: =IF(OR(E457="",E456=""),"",E457-E456) -> 0.07 | G457: =_xlfn.XLOOKUP(A457,'DGS10'!A:A,'DGS10'!B:B,"",-1) -> 2.63 | H457: =IF(OR(G457="",G456=""),"",G457-G456) -> -0.03 | I457: =_xlfn.XLOOKUP(A457,T10Y3M!A:A,T10Y3M!B:B,"",-1) -> 1.19 | J457: =_xlfn.XLOOKUP(A457,BAMLC0A4CBBB!A:A,BAMLC0A4CBBB!B:B,"",-1) -> 1.21 | K457: =_xlfn.XLOOKUP(A457,CPIAUCSL!A:A,CPIAUCSL!B:B,"",-1) -> 248.859 | L457: =_xlfn.XLOOKUP(A457,DFF!A:A,DFF!B:B,"",-1) -> 1.42 | M457: =_xlfn.XLOOKUP(A457,'DGS2'!A:A,'DGS2'!B:B,"",-1) -> 2.06 | N457: =IF(OR(M457="",M456=""),"",M457-M456) -> -0.02 | O457: =IF(OR(B458="",B457=""),"",(B458/B457)-1) -> -0.00056003071 | P457: =IF(O457="","",IF(O457>0,1,0)) -> 0 | Q457: =IF(O457="","",IF(O457>0.003,1,IF(O457<-0.003,-1,0))) -> 0 | R457: 59.84
A458: 43124 | B458: 2837.54 | C458: =IF(OR(B458="",B457=""),"",(B458/B457)-1) -> -0.00056003071 | D458: =IF(OR(B458="",B455=""),"",(B458/B455)-1) -> 0.0096929153 | E458: =_xlfn.XLOOKUP(A458,VIX!A:A,VIX!B:B,"",-1) -> 11.47 | F458: =IF(OR(E458="",E457=""),"",E458-E457) -> 0.37 | G458: =_xlfn.XLOOKUP(A458,'DGS10'!A:A,'DGS10'!B:B,"",-1) -> 2.65 | H458: =IF(OR(G458="",G457=""),"",G458-G457) -> 0.02 | I458: =_xlfn.XLOOKUP(A458,T10Y3M!A:A,T10Y3M!B:B,"",-1) -> 1.22 | J458: =_xlfn.XLOOKUP(A458,BAMLC0A4CBBB!A:A,BAMLC0A4CBBB!B:B,"",-1) -> 1.2 | K458: =_xlfn.XLOOKUP(A458,CPIAUCSL!A:A,CPIAUCSL!B:B,"",-1) -> 248.859 | L458: =_xlfn.XLOOKUP(A458,DFF!A:A,DFF!B:B,"",-1) -> 1.42 | M458: =_xlfn.XLOOKUP(A458,'DGS2'!A:A,'DGS2'!B:B,"",-1) -> 2.08 | N458: =IF(OR(M458="",M457=""),"",M458-M457) -> 0.02 | O458: =IF(OR(B459="",B458=""),"",(B459/B458)-1) -> 0.00060263468 | P458: =IF(O458="","",IF(O458>0,1,0)) -> 1 | Q458: =IF(O458="","",IF(O458>0.003,1,IF(O458<-0.003,-1,0))) -> 0 | R458: 60.42
A459: 43125 | B459: 2839.25 | C459: =IF(OR(B459="",B458=""),"",(B459/B458)-1) -> 0.00060263468 | D459: =IF(OR(B459="",B456=""),"",(B459/B456)-1) -> 0.0022167549 | E459: =_xlfn.XLOOKUP(A459,VIX!A:A,VIX!B:B,"",-1) -> 11.58 | F459: =IF(OR(E459="",E458=""),"",E459-E458) -> 0.11 | G459: =_xlfn.XLOOKUP(A459,'DGS10'!A:A,'DGS10'!B:B,"",-1) -> 2.63 | H459: =IF(OR(G459="",G458=""),"",G459-G458) -> -0.02 | I459: =_xlfn.XLOOKUP(A459,T10Y3M!A:A,T10Y3M!B:B,"",-1) -> 1.21 | J459: =_xlfn.XLOOKUP(A459,BAMLC0A4CBBB!A:A,BAMLC0A4CBBB!B:B,"",-1) -> 1.2 | K459: =_xlfn.XLOOKUP(A459,CPIAUCSL!A:A,CPIAUCSL!B:B,"",-1) -> 248.859 | L459: =_xlfn.XLOOKUP(A459,DFF!A:A,DFF!B:B,"",-1) -> 1.42 | M459: =_xlfn.XLOOKUP(A459,'DGS2'!A:A,'DGS2'!B:B,"",-1) -> 2.08 | N459: =IF(OR(M459="",M458=""),"",M459-M458) -> 0 | O459: =IF(OR(B460="",B459=""),"",(B460/B459)-1) -> 0.011841155 | P459: =IF(O459="","",IF(O459>0,1,0)) -> 1 | Q459: =IF(O459="","",IF(O459>0.003,1,IF(O459<-0.003,-1,0))) -> 1
A460: 43126 | B460: 2872.87 | C460: =IF(OR(B460="",B459=""),"",(B460/B459)-1) -> 0.011841155 | D460: =IF(OR(B460="",B457=""),"",(B460/B457)-1) -> 0.011883922 | E460: =_xlfn.XLOOKUP(A460,VIX!A:A,VIX!B:B,"",-1) -> 11.08 | F460: =IF(OR(E460="",E459=""),"",E460-E459) -> -0.5 | G460: =_xlfn.XLOOKUP(A460,'DGS10'!A:A,'DGS10'!B:B,"",-1) -> 2.66 | H460: =IF(OR(G460="",G459=""),"",G460-G459) -> 0.03 | I460: =_xlfn.XLOOKUP(A460,T10Y3M!A:A,T10Y3M!B:B,"",-1) -> 1.25 | J460: =_xlfn.XLOOKUP(A460,BAMLC0A4CBBB!A:A,BAMLC0A4CBBB!B:B,"",-1) -> 1.18 | K460: =_xlfn.XLOOKUP(A460,CPIAUCSL!A:A,CPIAUCSL!B:B,"",-1) -> 248.859 | L460: =_xlfn.XLOOKUP(A460,DFF!A:A,DFF!B:B,"",-1) -> 1.42 | M460: =_xlfn.XLOOKUP(A460,'DGS2'!A:A,'DGS2'!B:B,"",-1) -> 2.13 | N460: =IF(OR(M460="",M459=""),"",M460-M459) -> 0.05 | O460: =IF(OR(B461="",B460=""),"",(B461/B460)-1) -> -0.006731944 | P460: =IF(O460="","",IF(O460>0,1,0)) -> 0 | Q460: =IF(O460="","",IF(O460>0.003,1,IF(O460<-0.003,-1,0))) -> -1 | R460: 60.37
A461: 43129 | B461: 2853.53 | C461: =IF(OR(B461="",B460=""),"",(B461/B460)-1) -> -0.006731944 | D461: =IF(OR(B461="",B458=""),"",(B461/B458)-1) -> 0.0056351629 | E461: =_xlfn.XLOOKUP(A461,VIX!A:A,VIX!B:B,"",-1) -> 13.84 | F461: =IF(OR(E461="",E460=""),"",E461-E460) -> 2.76 | G461: =_xlfn.XLOOKUP(A461,'DGS10'!A:A,'DGS10'!B:B,"",-1) -> 2.7 | H461: =IF(OR(G461="",G460=""),"",G461-G460) -> 0.04 | I461: =_xlfn.XLOOKUP(A461,T10Y3M!A:A,T10Y3M!B:B,"",-1) -> 1.26 | J461: =_xlfn.XLOOKUP(A461,BAMLC0A4CBBB!A:A,BAMLC0A4CBBB!B:B,"",-1) -> 1.17 | K461: =_xlfn.XLOOKUP(A461,CPIAUCSL!A:A,CPIAUCSL!B:B,"",-1) -> 248.859 | L461: =_xlfn.XLOOKUP(A461,DFF!A:A,DFF!B:B,"",-1) -> 1.42 | M461: =_xlfn.XLOOKUP(A461,'DGS2'!A:A,'DGS2'!B:B,"",-1) -> 2.11 | N461: =IF(OR(M461="",M460=""),"",M461-M460) -> -0.02 | O461: =IF(OR(B462="",B461=""),"",(B462/B461)-1) -> -0.010898782 | P461: =IF(O461="","",IF(O461>0,1,0)) -> 0 | Q461: =IF(O461="","",IF(O461>0.003,1,IF(O461<-0.003,-1,0))) -> -1 | R461: 61.63
A462: 43130 | B462: 2822.43 | C462: =IF(OR(B462="",B461=""),"",(B462/B461)-1) -> -0.010898782 | D462: =IF(OR(B462="",B459=""),"",(B462/B459)-1) -> -0.0059240997 | E462: =_xlfn.XLOOKUP(A462,VIX!A:A,VIX!B:B,"",-1) -> 14.79 | F462: =IF(OR(E462="",E461=""),"",E462-E461) -> 0.95 | G462: =_xlfn.XLOOKUP(A462,'DGS10'!A:A,'DGS10'!B:B,"",-1) -> 2.73 | H462: =IF(OR(G462="",G461=""),"",G462-G461) -> 0.03 | I462: =_xlfn.XLOOKUP(A462,T10Y3M!A:A,T10Y3M!B:B,"",-1) -> 1.29 | J462: =_xlfn.XLOOKUP(A462,BAMLC0A4CBBB!A:A,BAMLC0A4CBBB!B:B,"",-1) -> 1.17 | K462: =_xlfn.XLOOKUP(A462,CPIAUCSL!A:A,CPIAUCSL!B:B,"",-1) -> 248.859 | L462: =_xlfn.XLOOKUP(A462,DFF!A:A,DFF!B:B,"",-1) -> 1.42 | M462: =_xlfn.XLOOKUP(A462,'DGS2'!A:A,'DGS2'!B:B,"",-1) -> 2.13 | N462: =IF(OR(M462="",M461=""),"",M462-M461) -> 0.02 | O462: =IF(OR(B463="",B462=""),"",(B463/B462)-1) -> 0.00048894038 | P462: =IF(O462="","",IF(O462>0,1,0)) -> 1 | Q462: =IF(O462="","",IF(O462>0.003,1,IF(O462<-0.003,-1,0))) -> 0 | R462: 62.01
A463: 43131 | B463: 2823.81 | C463: =IF(OR(B463="",B462=""),"",(B463/B462)-1) -> 0.00048894038 | D463: =IF(OR(B463="",B460=""),"",(B463/B460)-1) -> -0.017077 | E463: =_xlfn.XLOOKUP(A463,VIX!A:A,VIX!B:B,"",-1) -> 13.54 | F463: =IF(OR(E463="",E462=""),"",E463-E462) -> -1.25 | G463: =_xlfn.XLOOKUP(A463,'DGS10'!A:A,'DGS10'!B:B,"",-1) -> 2.72 | H463: =IF(OR(G463="",G462=""),"",G463-G462) -> -0.01 | I463: =_xlfn.XLOOKUP(A463,T10Y3M!A:A,T10Y3M!B:B,"",-1) -> 1.26 | J463: =_xlfn.XLOOKUP(A463,BAMLC0A4CBBB!A:A,BAMLC0A4CBBB!B:B,"",-1) -> 1.17 | K463: =_xlfn.XLOOKUP(A463,CPIAUCSL!A:A,CPIAUCSL!B:B,"",-1) -> 248.859 | L463: =_xlfn.XLOOKUP(A463,DFF!A:A,DFF!B:B,"",-1) -> 1.34 | M463: =_xlfn.XLOOKUP(A463,'DGS2'!A:A,'DGS2'!B:B,"",-1) -> 2.14 | N463: =IF(OR(M463="",M462=""),"",M463-M462) -> 0.01 | O463: =IF(OR(B464="",B463=""),"",(B464/B463)-1) -> -0.0006480606 | P463: =IF(O463="","",IF(O463>0,1,0)) -> 0 | Q463: =IF(O463="","",IF(O463>0.003,1,IF(O463<-0.003,-1,0))) -> 0 | R463: 61.44
A464: 43132 | B464: 2821.98 | C464: =IF(OR(B464="",B463=""),"",(B464/B463)-1) -> -0.0006480606 | D464: =IF(OR(B464="",B461=""),"",(B464/B461)-1) -> -0.011056481 | E464: =_xlfn.XLOOKUP(A464,VIX!A:A,VIX!B:B,"",-1) -> 13.47 | F464: =IF(OR(E464="",E463=""),"",E464-E463) -> -0.07 | G464: =_xlfn.XLOOKUP(A464,'DGS10'!A:A,'DGS10'!B:B,"",-1) -> 2.78 | H464: =IF(OR(G464="",G463=""),"",G464-G463) -> 0.06 | I464: =_xlfn.XLOOKUP(A464,T10Y3M!A:A,T10Y3M!B:B,"",-1) -> 1.3 | J464: =_xlfn.XLOOKUP(A464,BAMLC0A4CBBB!A:A,BAMLC0A4CBBB!B:B,"",-1) -> 1.16 | K464: =_xlfn.XLOOKUP(A464,CPIAUCSL!A:A,CPIAUCSL!B:B,"",-1) -> 249.529 | L464: =_xlfn.XLOOKUP(A464,DFF!A:A,DFF!B:B,"",-1) -> 1.42 | M464: =_xlfn.XLOOKUP(A464,'DGS2'!A:A,'DGS2'!B:B,"",-1) -> 2.16 | N464: =IF(OR(M464="",M463=""),"",M464-M463) -> 0.02 | O464: =IF(OR(B465="",B464=""),"",(B465/B464)-1) -> -0.021208513 | P464: =IF(O464="","",IF(O464>0,1,0)) -> 0 | Q464: =IF(O464="","",IF(O464>0.003,1,IF(O464<-0.003,-1,0))) -> -1 | R464: 61.73
A465: 43133 | B465: 2762.13 | C465: =IF(OR(B465="",B464=""),"",(B465/B464)-1) -> -0.021208513 | D465: =IF(OR(B465="",B462=""),"",(B465/B462)-1) -> -0.021364569 | E465: =_xlfn.XLOOKUP(A465,VIX!A:A,VIX!B:B,"",-1) -> 17.31 | F465: =IF(OR(E465="",E464=""),"",E465-E464) -> 3.84 | G465: =_xlfn.XLOOKUP(A465,'DGS10'!A:A,'DGS10'!B:B,"",-1) -> 2.84 | H465: =IF(OR(G465="",G464=""),"",G465-G464) -> 0.06 | I465: =_xlfn.XLOOKUP(A465,T10Y3M!A:A,T10Y3M!B:B,"",-1) -> 1.36 | J465: =_xlfn.XLOOKUP(A465,BAMLC0A4CBBB!A:A,BAMLC0A4CBBB!B:B,"",-1) -> 1.15 | K465: =_xlfn.XLOOKUP(A465,CPIAUCSL!A:A,CPIAUCSL!B:B,"",-1) -> 249.529 | L465: =_xlfn.XLOOKUP(A465,DFF!A:A,DFF!B:B,"",-1) -> 1.42 | M465: =_xlfn.XLOOKUP(A465,'DGS2'!A:A,'DGS2'!B:B,"",-1) -> 2.15 | N465: =IF(OR(M465="",M464=""),"",M465-M464) -> -0.01 | O465: =IF(OR(B466="",B465=""),"",(B466/B465)-1) -> -0.040979244 | P465: =IF(O465="","",IF(O465>0,1,0)) -> 0 | Q465: =IF(O465="","",IF(O465>0.003,1,IF(O465<-0.003,-1,0))) -> -1 | R465: 62.96
A466: 43136 | B466: 2648.94 | C466: =IF(OR(B466="",B465=""),"",(B466/B465)-1) -> -0.040979244 | D466: =IF(OR(B466="",B463=""),"",(B466/B463)-1) -> -0.061926971 | E466: =_xlfn.XLOOKUP(A466,VIX!A:A,VIX!B:B,"",-1) -> 37.32 | F466: =IF(OR(E466="",E465=""),"",E466-E465) -> 20.01 | G466: =_xlfn.XLOOKUP(A466,'DGS10'!A:A,'DGS10'!B:B,"",-1) -> 2.77 | H466: =IF(OR(G466="",G465=""),"",G466-G465) -> -0.07 | I466: =_xlfn.XLOOKUP(A466,T10Y3M!A:A,T10Y3M!B:B,"",-1) -> 1.26 | J466: =_xlfn.XLOOKUP(A466,BAMLC0A4CBBB!A:A,BAMLC0A4CBBB!B:B,"",-1) -> 1.17 | K466: =_xlfn.XLOOKUP(A466,CPIAUCSL!A:A,CPIAUCSL!B:B,"",-1) -> 249.529 | L466: =_xlfn.XLOOKUP(A466,DFF!A:A,DFF!B:B,"",-1) -> 1.42 | M466: =_xlfn.XLOOKUP(A466,'DGS2'!A:A,'DGS2'!B:B,"",-1) -> 2.08 | N466: =IF(OR(M466="",M465=""),"",M466-M465) -> -0.07 | O466: =IF(OR(B467="",B466=""),"",(B467/B466)-1) -> 0.017440939 | P466: =IF(O466="","",IF(O466>0,1,0)) -> 1 | Q466: =IF(O466="","",IF(O466>0.003,1,IF(O466<-0.003,-1,0))) -> 1 | R466: 63.57
A467: 43137 | B467: 2695.14 | C467: =IF(OR(B467="",B466=""),"",(B467/B466)-1) -> 0.017440939 | D467: =IF(OR(B467="",B464=""),"",(B467/B464)-1) -> -0.044947165 | E467: =_xlfn.XLOOKUP(A467,VIX!A:A,VIX!B:B,"",-1) -> 29.98 | F467: =IF(OR(E467="",E466=""),"",E467-E466) -> -7.34 | G467: =_xlfn.XLOOKUP(A467,'DGS10'!A:A,'DGS10'!B:B,"",-1) -> 2.79 | H467: =IF(OR(G467="",G466=""),"",G467-G466) -> 0.02 | I467: =_xlfn.XLOOKUP(A467,T10Y3M!A:A,T10Y3M!B:B,"",-1) -> 1.27 | J467: =_xlfn.XLOOKUP(A467,BAMLC0A4CBBB!A:A,BAMLC0A4CBBB!B:B,"",-1) -> 1.19 | K467: =_xlfn.XLOOKUP(A467,CPIAUCSL!A:A,CPIAUCSL!B:B,"",-1) -> 249.529 | L467: =_xlfn.XLOOKUP(A467,DFF!A:A,DFF!B:B,"",-1) -> 1.42 | M467: =_xlfn.XLOOKUP(A467,'DGS2'!A:A,'DGS2'!B:B,"",-1) -> 2.1 | N467: =IF(OR(M467="",M466=""),"",M467-M466) -> 0.02 | O467: =IF(OR(B468="",B467=""),"",(B468/B467)-1) -> -0.0050015955 | P467: =IF(O467="","",IF(O467>0,1,0)) -> 0 | Q467: =IF(O467="","",IF(O467>0.003,1,IF(O467<-0.003,-1,0))) -> -1 | R467: 63.8
A468: 43138 | B468: 2681.66 | C468: =IF(OR(B468="",B467=""),"",(B468/B467)-1) -> -0.0050015955 | D468: =IF(OR(B468="",B465=""),"",(B468/B465)-1) -> -0.029133314 | E468: =_xlfn.XLOOKUP(A468,VIX!A:A,VIX!B:B,"",-1) -> 27.73 | F468: =IF(OR(E468="",E467=""),"",E468-E467) -> -2.25 | G468: =_xlfn.XLOOKUP(A468,'DGS10'!A:A,'DGS10'!B:B,"",-1) -> 2.84 | H468: =IF(OR(G468="",G467=""),"",G468-G467) -> 0.05 | I468: =_xlfn.XLOOKUP(A468,T10Y3M!A:A,T10Y3M!B:B,"",-1) -> 1.29 | J468: =_xlfn.XLOOKUP(A468,BAMLC0A4CBBB!A:A,BAMLC0A4CBBB!B:B,"",-1) -> 1.18 | K468: =_xlfn.XLOOKUP(A468,CPIAUCSL!A:A,CPIAUCSL!B:B,"",-1) -> 249.529 | L468: =_xlfn.XLOOKUP(A468,DFF!A:A,DFF!B:B,"",-1) -> 1.42 | M468: =_xlfn.XLOOKUP(A468,'DGS2'!A:A,'DGS2'!B:B,"",-1) -> 2.15 | N468: =IF(OR(M468="",M467=""),"",M468-M467) -> 0.05 | O468: =IF(OR(B469="",B468=""),"",(B469/B468)-1) -> -0.037536451 | P468: =IF(O468="","",IF(O468>0,1,0)) -> 0 | Q468: =IF(O468="","",IF(O468>0.003,1,IF(O468<-0.003,-1,0))) -> -1 | R468: 64.3
A469: 43139 | B469: 2581 | C469: =IF(OR(B469="",B468=""),"",(B469/B468)-1) -> -0.037536451 | D469: =IF(OR(B469="",B466=""),"",(B469/B466)-1) -> -0.025647995 | E469: =_xlfn.XLOOKUP(A469,VIX!A:A,VIX!B:B,"",-1) -> 33.46 | F469: =IF(OR(E469="",E468=""),"",E469-E468) -> 5.73 | G469: =_xlfn.XLOOKUP(A469,'DGS10'!A:A,'DGS10'!B:B,"",-1) -> 2.85 | H469: =IF(OR(G469="",G468=""),"",G469-G468) -> 0.01 | I469: =_xlfn.XLOOKUP(A469,T10Y3M!A:A,T10Y3M!B:B,"",-1) -> 1.3 | J469: =_xlfn.XLOOKUP(A469,BAMLC0A4CBBB!A:A,BAMLC0A4CBBB!B:B,"",-1) -> 1.19 | K469: =_xlfn.XLOOKUP(A469,CPIAUCSL!A:A,CPIAUCSL!B:B,"",-1) -> 249.529 | L469: =_xlfn.XLOOKUP(A469,DFF!A:A,DFF!B:B,"",-1) -> 1.42 | M469: =_xlfn.XLOOKUP(A469,'DGS2'!A:A,'DGS2'!B:B,"",-1) -> 2.13 | N469: =IF(OR(M469="",M468=""),"",M469-M468) -> -0.02 | O469: =IF(OR(B470="",B469=""),"",(B470/B469)-1) -> 0.014936071 | P469: =IF(O469="","",IF(O469>0,1,0)) -> 1 | Q469: =IF(O469="","",IF(O469>0.003,1,IF(O469<-0.003,-1,0))) -> 1
A470: 43140 | B470: 2619.55 | C470: =IF(OR(B470="",B469=""),"",(B470/B469)-1) -> 0.014936071 | D470: =IF(OR(B470="",B467=""),"",(B470/B467)-1) -> -0.028046781 | E470: =_xlfn.XLOOKUP(A470,VIX!A:A,VIX!B:B,"",-1) -> 29.06 | F470: =IF(OR(E470="",E469=""),"",E470-E469) -> -4.4 | G470: =_xlfn.XLOOKUP(A470,'DGS10'!A:A,'DGS10'!B:B,"",-1) -> 2.83 | H470: =IF(OR(G470="",G469=""),"",G470-G469) -> -0.02 | I470: =_xlfn.XLOOKUP(A470,T10Y3M!A:A,T10Y3M!B:B,"",-1) -> 1.28 | J470: =_xlfn.XLOOKUP(A470,BAMLC0A4CBBB!A:A,BAMLC0A4CBBB!B:B,"",-1) -> 1.24 | K470: =_xlfn.XLOOKUP(A470,CPIAUCSL!A:A,CPIAUCSL!B:B,"",-1) -> 249.529 | L470: =_xlfn.XLOOKUP(A470,DFF!A:A,DFF!B:B,"",-1) -> 1.42 | M470: =_xlfn.XLOOKUP(A470,'DGS2'!A:A,'DGS2'!B:B,"",-1) -> 2.05 | N470: =IF(OR(M470="",M469=""),"",M470-M469) -> -0.08 | O470: =IF(OR(B471="",B470=""),"",(B471/B470)-1) -> 0.013914604 | P470: =IF(O470="","",IF(O470>0,1,0)) -> 1 | Q470: =IF(O470="","",IF(O470>0.003,1,IF(O470<-0.003,-1,0))) -> 1 | R470: 63.73
A471: 43143 | B471: 2656 | C471: =IF(OR(B471="",B470=""),"",(B471/B470)-1) -> 0.013914604 | D471: =IF(OR(B471="",B468=""),"",(B471/B468)-1) -> -0.0095687 | E471: =_xlfn.XLOOKUP(A471,VIX!A:A,VIX!B:B,"",-1) -> 25.61 | F471: =IF(OR(E471="",E470=""),"",E471-E470) -> -3.45 | G471: =_xlfn.XLOOKUP(A471,'DGS10'!A:A,'DGS10'!B:B,"",-1) -> 2.86 | H471: =IF(OR(G471="",G470=""),"",G471-G470) -> 0.03 | I471: =_xlfn.XLOOKUP(A471,T10Y3M!A:A,T10Y3M!B:B,"",-1) -> 1.24 | J471: =_xlfn.XLOOKUP(A471,BAMLC0A4CBBB!A:A,BAMLC0A4CBBB!B:B,"",-1) -> 1.24 | K471: =_xlfn.XLOOKUP(A471,CPIAUCSL!A:A,CPIAUCSL!B:B,"",-1) -> 249.529 | L471: =_xlfn.XLOOKUP(A471,DFF!A:A,DFF!B:B,"",-1) -> 1.42 | M471: =_xlfn.XLOOKUP(A471,'DGS2'!A:A,'DGS2'!B:B,"",-1) -> 2.09 | N471: =IF(OR(M471="",M470=""),"",M471-M470) -> 0.04 | O471: =IF(OR(B472="",B471=""),"",(B472/B471)-1) -> 0.0026129518 | P471: =IF(O471="","",IF(O471>0,1,0)) -> 1 | Q471: =IF(O471="","",IF(O471>0.003,1,IF(O471<-0.003,-1,0))) -> 0 | R471: 63.97
A472: 43144 | B472: 2662.94 | C472: =IF(OR(B472="",B471=""),"",(B472/B471)-1) -> 0.0026129518 | D472: =IF(OR(B472="",B469=""),"",(B472/B469)-1) -> 0.031747385 | E472: =_xlfn.XLOOKUP(A472,VIX!A:A,VIX!B:B,"",-1) -> 24.97 | F472: =IF(OR(E472="",E471=""),"",E472-E471) -> -0.64 | G472: =_xlfn.XLOOKUP(A472,'DGS10'!A:A,'DGS10'!B:B,"",-1) -> 2.83 | H472: =IF(OR(G472="",G471=""),"",G472-G471) -> -0.03 | I472: =_xlfn.XLOOKUP(A472,T10Y3M!A:A,T10Y3M!B:B,"",-1) -> 1.24 | J472: =_xlfn.XLOOKUP(A472,BAMLC0A4CBBB!A:A,BAMLC0A4CBBB!B:B,"",-1) -> 1.27 | K472: =_xlfn.XLOOKUP(A472,CPIAUCSL!A:A,CPIAUCSL!B:B,"",-1) -> 249.529 | L472: =_xlfn.XLOOKUP(A472,DFF!A:A,DFF!B:B,"",-1) -> 1.42 | M472: =_xlfn.XLOOKUP(A472,'DGS2'!A:A,'DGS2'!B:B,"",-1) -> 2.1 | N472: =IF(OR(M472="",M471=""),"",M472-M471) -> 0.01 | O472: =IF(OR(B473="",B472=""),"",(B473/B472)-1) -> 0.01340248 | P472: =IF(O472="","",IF(O472>0,1,0)) -> 1 | Q472: =IF(O472="","",IF(O472>0.003,1,IF(O472<-0.003,-1,0))) -> 1 | R472: 63.95
A473: 43145 | B473: 2698.63 | C473: =IF(OR(B473="",B472=""),"",(B473/B472)-1) -> 0.01340248 | D473: =IF(OR(B473="",B470=""),"",(B473/B470)-1) -> 0.030188391 | E473: =_xlfn.XLOOKUP(A473,VIX!A:A,VIX!B:B,"",-1) -> 19.26 | F473: =IF(OR(E473="",E472=""),"",E473-E472) -> -5.71 | G473: =_xlfn.XLOOKUP(A473,'DGS10'!A:A,'DGS10'!B:B,"",-1) -> 2.91 | H473: =IF(OR(G473="",G472=""),"",G473-G472) -> 0.08 | I473: =_xlfn.XLOOKUP(A473,T10Y3M!A:A,T10Y3M!B:B,"",-1) -> 1.33 | J473: =_xlfn.XLOOKUP(A473,BAMLC0A4CBBB!A:A,BAMLC0A4CBBB!B:B,"",-1) -> 1.25 | K473: =_xlfn.XLOOKUP(A473,CPIAUCSL!A:A,CPIAUCSL!B:B,"",-1) -> 249.529 | L473: =_xlfn.XLOOKUP(A473,DFF!A:A,DFF!B:B,"",-1) -> 1.42 | M473: =_xlfn.XLOOKUP(A473,'DGS2'!A:A,'DGS2'!B:B,"",-1) -> 2.17 | N473: =IF(OR(M473="",M472=""),"",M473-M472) -> 0.07 | O473: =IF(OR(B474="",B473=""),"",(B474/B473)-1) -> 0.012069087 | P473: =IF(O473="","",IF(O473>0,1,0)) -> 1 | Q473: =IF(O473="","",IF(O473>0.003,1,IF(O473<-0.003,-1,0))) -> 1 | R473: 63.37
A474: 43146 | B474: 2731.2 | C474: =IF(OR(B474="",B473=""),"",(B474/B473)-1) -> 0.012069087 | D474: =IF(OR(B474="",B471=""),"",(B474/B471)-1) -> 0.028313253 | E474: =_xlfn.XLOOKUP(A474,VIX!A:A,VIX!B:B,"",-1) -> 19.13 | F474: =IF(OR(E474="",E473=""),"",E474-E473) -> -0.13 | G474: =_xlfn.XLOOKUP(A474,'DGS10'!A:A,'DGS10'!B:B,"",-1) -> 2.9 | H474: =IF(OR(G474="",G473=""),"",G474-G473) -> -0.01 | I474: =_xlfn.XLOOKUP(A474,T10Y3M!A:A,T10Y3M!B:B,"",-1) -> 1.32 | J474: =_xlfn.XLOOKUP(A474,BAMLC0A4CBBB!A:A,BAMLC0A4CBBB!B:B,"",-1) -> 1.24 | K474: =_xlfn.XLOOKUP(A474,CPIAUCSL!A:A,CPIAUCSL!B:B,"",-1) -> 249.529 | L474: =_xlfn.XLOOKUP(A474,DFF!A:A,DFF!B:B,"",-1) -> 1.42 | M474: =_xlfn.XLOOKUP(A474,'DGS2'!A:A,'DGS2'!B:B,"",-1) -> 2.19 | N474: =IF(OR(M474="",M473=""),"",M474-M473) -> 0.02 | O474: =IF(OR(B475="",B474=""),"",(B475/B474)-1) -> 0.00037346221 | P474: =IF(O474="","",IF(O474>0,1,0)) -> 1 | Q474: =IF(O474="","",IF(O474>0.003,1,IF(O474<-0.003,-1,0))) -> 0 | R474: 63.49
A475: 43147 | B475: 2732.22 | C475: =IF(OR(B475="",B474=""),"",(B475/B474)-1) -> 0.00037346221 | D475: =IF(OR(B475="",B472=""),"",(B475/B472)-1) -> 0.026016358 | E475: =_xlfn.XLOOKUP(A475,VIX!A:A,VIX!B:B,"",-1) -> 19.46 | F475: =IF(OR(E475="",E474=""),"",E475-E474) -> 0.33 | G475: =_xlfn.XLOOKUP(A475,'DGS10'!A:A,'DGS10'!B:B,"",-1) -> 2.87 | H475: =IF(OR(G475="",G474=""),"",G475-G474) -> -0.03 | I475: =_xlfn.XLOOKUP(A475,T10Y3M!A:A,T10Y3M!B:B,"",-1) -> 1.25 | J475: =_xlfn.XLOOKUP(A475,BAMLC0A4CBBB!A:A,BAMLC0A4CBBB!B:B,"",-1) -> 1.24 | K475: =_xlfn.XLOOKUP(A475,CPIAUCSL!A:A,CPIAUCSL!B:B,"",-1) -> 249.529 | L475: =_xlfn.XLOOKUP(A475,DFF!A:A,DFF!B:B,"",-1) -> 1.42 | M475: =_xlfn.XLOOKUP(A475,'DGS2'!A:A,'DGS2'!B:B,"",-1) -> 2.21 | N475: =IF(OR(M475="",M474=""),"",M475-M474) -> 0.02 | O475: =IF(OR(B476="",B475=""),"",(B476/B475)-1) -> -0.0058414037 | P475: =IF(O475="","",IF(O475>0,1,0)) -> 0 | Q475: =IF(O475="","",IF(O475>0.003,1,IF(O475<-0.003,-1,0))) -> -1 | R475: 64.47
A476: 43151 | B476: 2716.26 | C476: =IF(OR(B476="",B475=""),"",(B476/B475)-1) -> -0.0058414037 | D476: =IF(OR(B476="",B473=""),"",(B476/B473)-1) -> 0.0065329445 | E476: =_xlfn.XLOOKUP(A476,VIX!A:A,VIX!B:B,"",-1) -> 20.6 | F476: =IF(OR(E476="",E475=""),"",E476-E475) -> 1.14 | G476: =_xlfn.XLOOKUP(A476,'DGS10'!A:A,'DGS10'!B:B,"",-1) -> 2.88 | H476: =IF(OR(G476="",G475=""),"",G476-G475) -> 0.01 | I476: =_xlfn.XLOOKUP(A476,T10Y3M!A:A,T10Y3M!B:B,"",-1) -> 1.22 | J476: =_xlfn.XLOOKUP(A476,BAMLC0A4CBBB!A:A,BAMLC0A4CBBB!B:B,"",-1) -> 1.24 | K476: =_xlfn.XLOOKUP(A476,CPIAUCSL!A:A,CPIAUCSL!B:B,"",-1) -> 249.529 | L476: =_xlfn.XLOOKUP(A476,DFF!A:A,DFF!B:B,"",-1) -> 1.42 | M476: =_xlfn.XLOOKUP(A476,'DGS2'!A:A,'DGS2'!B:B,"",-1) -> 2.25 | N476: =IF(OR(M476="",M475=""),"",M476-M475) -> 0.04 | O476: =IF(OR(B477="",B476=""),"",(B477/B476)-1) -> -0.0054965283 | P476: =IF(O476="","",IF(O476>0,1,0)) -> 0 | Q476: =IF(O476="","",IF(O476>0.003,1,IF(O476<-0.003,-1,0))) -> -1 | R476: 65.61
A477: 43152 | B477: 2701.33 | C477: =IF(OR(B477="",B476=""),"",(B477/B476)-1) -> -0.0054965283 | D477: =IF(OR(B477="",B474=""),"",(B477/B474)-1) -> -0.010936585 | E477: =_xlfn.XLOOKUP(A477,VIX!A:A,VIX!B:B,"",-1) -> 20.02 | F477: =IF(OR(E477="",E476=""),"",E477-E476) -> -0.58 | G477: =_xlfn.XLOOKUP(A477,'DGS10'!A:A,'DGS10'!B:B,"",-1) -> 2.94 | H477: =IF(OR(G477="",G476=""),"",G477-G476) -> 0.06 | I477: =_xlfn.XLOOKUP(A477,T10Y3M!A:A,T10Y3M!B:B,"",-1) -> 1.3 | J477: =_xlfn.XLOOKUP(A477,BAMLC0A4CBBB!A:A,BAMLC0A4CBBB!B:B,"",-1) -> 1.24 | K477: =_xlfn.XLOOKUP(A477,CPIAUCSL!A:A,CPIAUCSL!B:B,"",-1) -> 249.529 | L477: =_xlfn.XLOOKUP(A477,DFF!A:A,DFF!B:B,"",-1) -> 1.42 | M477: =_xlfn.XLOOKUP(A477,'DGS2'!A:A,'DGS2'!B:B,"",-1) -> 2.26 | N477: =IF(OR(M477="",M476=""),"",M477-M476) -> 0.01 | O477: =IF(OR(B478="",B477=""),"",(B478/B477)-1) -> 0.00097359449 | P477: =IF(O477="","",IF(O477>0,1,0)) -> 1 | Q477: =IF(O477="","",IF(O477>0.003,1,IF(O477<-0.003,-1,0))) -> 0 | R477: 65.51
A478: 43153 | B478: 2703.96 | C478: =IF(OR(B478="",B477=""),"",(B478/B477)-1) -> 0.00097359449 | D478: =IF(OR(B478="",B475=""),"",(B478/B475)-1) -> -0.010343237 | E478: =_xlfn.XLOOKUP(A478,VIX!A:A,VIX!B:B,"",-1) -> 18.72 | F478: =IF(OR(E478="",E477=""),"",E478-E477) -> -1.3 | G478: =_xlfn.XLOOKUP(A478,'DGS10'!A:A,'DGS10'!B:B,"",-1) -> 2.92 | H478: =IF(OR(G478="",G477=""),"",G478-G477) -> -0.02 | I478: =_xlfn.XLOOKUP(A478,T10Y3M!A:A,T10Y3M!B:B,"",-1) -> 1.29 | J478: =_xlfn.XLOOKUP(A478,BAMLC0A4CBBB!A:A,BAMLC0A4CBBB!B:B,"",-1) -> 1.25 | K478: =_xlfn.XLOOKUP(A478,CPIAUCSL!A:A,CPIAUCSL!B:B,"",-1) -> 249.529 | L478: =_xlfn.XLOOKUP(A478,DFF!A:A,DFF!B:B,"",-1) -> 1.42 | M478: =_xlfn.XLOOKUP(A478,'DGS2'!A:A,'DGS2'!B:B,"",-1) -> 2.25 | N478: =IF(OR(M478="",M477=""),"",M478-M477) -> -0.01 | O478: =IF(OR(B479="",B478=""),"",(B479/B478)-1) -> 0.016028344 | P478: =IF(O478="","",IF(O478>0,1,0)) -> 1 | Q478: =IF(O478="","",IF(O478>0.003,1,IF(O478<-0.003,-1,0))) -> 1 | R478: 66.14
A479: 43154 | B479: 2747.3 | C479: =IF(OR(B479="",B478=""),"",(B479/B478)-1) -> 0.016028344 | D479: =IF(OR(B479="",B476=""),"",(B479/B476)-1) -> 0.011427477 | E479: =_xlfn.XLOOKUP(A479,VIX!A:A,VIX!B:B,"",-1) -> 16.49 | F479: =IF(OR(E479="",E478=""),"",E479-E478) -> -2.23 | G479: =_xlfn.XLOOKUP(A479,'DGS10'!A:A,'DGS10'!B:B,"",-1) -> 2.88 | H479: =IF(OR(G479="",G478=""),"",G479-G478) -> -0.04 | I479: =_xlfn.XLOOKUP(A479,T10Y3M!A:A,T10Y3M!B:B,"",-1) -> 1.24 | J479: =_xlfn.XLOOKUP(A479,BAMLC0A4CBBB!A:A,BAMLC0A4CBBB!B:B,"",-1) -> 1.26 | K479: =_xlfn.XLOOKUP(A479,CPIAUCSL!A:A,CPIAUCSL!B:B,"",-1) -> 249.529 | L479: =_xlfn.XLOOKUP(A479,DFF!A:A,DFF!B:B,"",-1) -> 1.42 | M479: =_xlfn.XLOOKUP(A479,'DGS2'!A:A,'DGS2'!B:B,"",-1) -> 2.25 | N479: =IF(OR(M479="",M478=""),"",M479-M478) -> 0 | O479: =IF(OR(B480="",B479=""),"",(B480/B479)-1) -> 0.011756998 | P479: =IF(O479="","",IF(O479>0,1,0)) -> 1 | Q479: =IF(O479="","",IF(O479>0.003,1,IF(O479<-0.003,-1,0))) -> 1 | R479: 65.56
A480: 43157 | B480: 2779.6 | C480: =IF(OR(B480="",B479=""),"",(B480/B479)-1) -> 0.011756998 | D480: =IF(OR(B480="",B477=""),"",(B480/B477)-1) -> 0.028974616 | E480: =_xlfn.XLOOKUP(A480,VIX!A:A,VIX!B:B,"",-1) -> 15.8 | F480: =IF(OR(E480="",E479=""),"",E480-E479) -> -0.69 | G480: =_xlfn.XLOOKUP(A480,'DGS10'!A:A,'DGS10'!B:B,"",-1) -> 2.86 | H480: =IF(OR(G480="",G479=""),"",G480-G479) -> -0.02 | I480: =_xlfn.XLOOKUP(A480,T10Y3M!A:A,T10Y3M!B:B,"",-1) -> 1.2 | J480: =_xlfn.XLOOKUP(A480,BAMLC0A4CBBB!A:A,BAMLC0A4CBBB!B:B,"",-1) -> 1.26 | K480: =_xlfn.XLOOKUP(A480,CPIAUCSL!A:A,CPIAUCSL!B:B,"",-1) -> 249.529 | L480: =_xlfn.XLOOKUP(A480,DFF!A:A,DFF!B:B,"",-1) -> 1.42 | M480: =_xlfn.XLOOKUP(A480,'DGS2'!A:A,'DGS2'!B:B,"",-1) -> 2.22 | N480: =IF(OR(M480="",M479=""),"",M480-M479) -> -0.03 | O480: =IF(OR(B481="",B480=""),"",(B481/B480)-1) -> -0.012706864 | P480: =IF(O480="","",IF(O480>0,1,0)) -> 0 | Q480: =IF(O480="","",IF(O480>0.003,1,IF(O480<-0.003,-1,0))) -> -1 | R480: 64.5
A481: 43158 | B481: 2744.28 | C481: =IF(OR(B481="",B480=""),"",(B481/B480)-1) -> -0.012706864 | D481: =IF(OR(B481="",B478=""),"",(B481/B478)-1) -> 0.014911463 | E481: =_xlfn.XLOOKUP(A481,VIX!A:A,VIX!B:B,"",-1) -> 18.59 | F481: =IF(OR(E481="",E480=""),"",E481-E480) -> 2.79 | G481: =_xlfn.XLOOKUP(A481,'DGS10'!A:A,'DGS10'!B:B,"",-1) -> 2.9 | H481: =IF(OR(G481="",G480=""),"",G481-G480) -> 0.04 | I481: =_xlfn.XLOOKUP(A481,T10Y3M!A:A,T10Y3M!B:B,"",-1) -> 1.24 | J481: =_xlfn.XLOOKUP(A481,BAMLC0A4CBBB!A:A,BAMLC0A4CBBB!B:B,"",-1) -> 1.26 | K481: =_xlfn.XLOOKUP(A481,CPIAUCSL!A:A,CPIAUCSL!B:B,"",-1) -> 249.529 | L481: =_xlfn.XLOOKUP(A481,DFF!A:A,DFF!B:B,"",-1) -> 1.42 | M481: =_xlfn.XLOOKUP(A481,'DGS2'!A:A,'DGS2'!B:B,"",-1) -> 2.27 | N481: =IF(OR(M481="",M480=""),"",M481-M480) -> 0.05 | O481: =IF(OR(B482="",B481=""),"",(B482/B481)-1) -> -0.011095807 | P481: =IF(O481="","",IF(O481>0,1,0)) -> 0 | Q481: =IF(O481="","",IF(O481>0.003,1,IF(O481<-0.003,-1,0))) -> -1 | R481: 64.73
... A493: 43174 | B493: 2747.33 | C493: =IF(OR(B493="",B492=""),"",(B493/B492)-1) -> -0.00078196604 | D493: =IF(OR(B493="",B490=""),"",(B493/B490)-1) -> -0.012824198 | E493: =_xlfn.XLOOKUP(A493,VIX!A:A,VIX!B:B,"",-1) -> 16.59 | F493: =IF(OR(E493="",E492=""),"",E493-E492) -> -0.64 | G493: =_xlfn.XLOOKUP(A493,'DGS10'!A:A,'DGS10'!B:B,"",-1) -> 2.82 | H493: =IF(OR(G493="",G492=""),"",G493-G492) -> 0.01 | I493: =_xlfn.XLOOKUP(A493,T10Y3M!A:A,T10Y3M!B:B,"",-1) -> 1.05 | J493: =_xlfn.XLOOKUP(A493,BAMLC0A4CBBB!A:A,BAMLC0A4CBBB!B:B,"",-1) -> 1.38 | K493: =_xlfn.XLOOKUP(A493,CPIAUCSL!A:A,CPIAUCSL!B:B,"",-1) -> 249.577 | L493: =_xlfn.XLOOKUP(A493,DFF!A:A,DFF!B:B,"",-1) -> 1.43 | M493: =_xlfn.XLOOKUP(A493,'DGS2'!A:A,'DGS2'!B:B,"",-1) -> 2.29 | N493: =IF(OR(M493="",M492=""),"",M493-M492) -> 0.03 | O493: =IF(OR(B494="",B493=""),"",(B494/B493)-1) -> 0.0017034721 | P493: =IF(O493="","",IF(O493>0,1,0)) -> 1 | Q493: =IF(O493="","",IF(O493>0.003,1,IF(O493<-0.003,-1,0))) -> 0 | R493: 61.68
A494: 43175 | B494: 2752.01 | C494: =IF(OR(B494="",B493=""),"",(B494/B493)-1) -> 0.0017034721 | D494: =IF(OR(B494="",B491=""),"",(B494/B491)-1) -> -0.0048095874 | E494: =_xlfn.XLOOKUP(A494,VIX!A:A,VIX!B:B,"",-1) -> 15.8 | F494: =IF(OR(E494="",E493=""),"",E494-E493) -> -0.79 | G494: =_xlfn.XLOOKUP(A494,'DGS10'!A:A,'DGS10'!B:B,"",-1) -> 2.85 | H494: =IF(OR(G494="",G493=""),"",G494-G493) -> 0.03 | I494: =_xlfn.XLOOKUP(A494,T10Y3M!A:A,T10Y3M!B:B,"",-1) -> 1.07 | J494: =_xlfn.XLOOKUP(A494,BAMLC0A4CBBB!A:A,BAMLC0A4CBBB!B:B,"",-1) -> 1.37 | K494: =_xlfn.XLOOKUP(A494,CPIAUCSL!A:A,CPIAUCSL!B:B,"",-1) -> 249.577 | L494: =_xlfn.XLOOKUP(A494,DFF!A:A,DFF!B:B,"",-1) -> 1.43 | M494: =_xlfn.XLOOKUP(A494,'DGS2'!A:A,'DGS2'!B:B,"",-1) -> 2.31 | N494: =IF(OR(M494="",M493=""),"",M494-M493) -> 0.02 | O494: =IF(OR(B495="",B494=""),"",(B495/B494)-1) -> -0.014204164 | P494: =IF(O494="","",IF(O494>0,1,0)) -> 0 | Q494: =IF(O494="","",IF(O494>0.003,1,IF(O494<-0.003,-1,0))) -> -1
A495: 43178 | B495: 2712.92 | C495: =IF(OR(B495="",B494=""),"",(B495/B494)-1) -> -0.014204164 | D495: =IF(OR(B495="",B492=""),"",(B495/B492)-1) -> -0.01329706 | E495: =_xlfn.XLOOKUP(A495,VIX!A:A,VIX!B:B,"",-1) -> 19.02 | F495: =IF(OR(E495="",E494=""),"",E495-E494) -> 3.22 | G495: =_xlfn.XLOOKUP(A495,'DGS10'!A:A,'DGS10'!B:B,"",-1) -> 2.85 | H495: =IF(OR(G495="",G494=""),"",G495-G494) -> 0 | I495: =_xlfn.XLOOKUP(A495,T10Y3M!A:A,T10Y3M!B:B,"",-1) -> 1.05 | J495: =_xlfn.XLOOKUP(A495,BAMLC0A4CBBB!A:A,BAMLC0A4CBBB!B:B,"",-1) -> 1.38 | K495: =_xlfn.XLOOKUP(A495,CPIAUCSL!A:A,CPIAUCSL!B:B,"",-1) -> 249.577 | L495: =_xlfn.XLOOKUP(A495,DFF!A:A,DFF!B:B,"",-1) -> 1.43 | M495: =_xlfn.XLOOKUP(A495,'DGS2'!A:A,'DGS2'!B:B,"",-1) -> 2.31 | N495: =IF(OR(M495="",M494=""),"",M495-M494) -> 0 | O495: =IF(OR(B496="",B495=""),"",(B496/B495)-1) -> 0.0014817982 | P495: =IF(O495="","",IF(O495>0,1,0)) -> 1 | Q495: =IF(O495="","",IF(O495>0.003,1,IF(O495<-0.003,-1,0))) -> 0 | R495: 61.9
A496: 43179 | B496: 2716.94 | C496: =IF(OR(B496="",B495=""),"",(B496/B495)-1) -> 0.0014817982 | D496: =IF(OR(B496="",B493=""),"",(B496/B493)-1) -> -0.011061649 | E496: =_xlfn.XLOOKUP(A496,VIX!A:A,VIX!B:B,"",-1) -> 18.2 | F496: =IF(OR(E496="",E495=""),"",E496-E495) -> -0.82 | G496: =_xlfn.XLOOKUP(A496,'DGS10'!A:A,'DGS10'!B:B,"",-1) -> 2.89 | H496: =IF(OR(G496="",G495=""),"",G496-G495) -> 0.04 | I496: =_xlfn.XLOOKUP(A496,T10Y3M!A:A,T10Y3M!B:B,"",-1) -> 1.08 | J496: =_xlfn.XLOOKUP(A496,BAMLC0A4CBBB!A:A,BAMLC0A4CBBB!B:B,"",-1) -> 1.38 | K496: =_xlfn.XLOOKUP(A496,CPIAUCSL!A:A,CPIAUCSL!B:B,"",-1) -> 249.577 | L496: =_xlfn.XLOOKUP(A496,DFF!A:A,DFF!B:B,"",-1) -> 1.44 | M496: =_xlfn.XLOOKUP(A496,'DGS2'!A:A,'DGS2'!B:B,"",-1) -> 2.34 | N496: =IF(OR(M496="",M495=""),"",M496-M495) -> 0.03 | O496: =IF(OR(B497="",B496=""),"",(B497/B496)-1) -> -0.0018439862 | P496: =IF(O496="","",IF(O496>0,1,0)) -> 0 | Q496: =IF(O496="","",IF(O496>0.003,1,IF(O496<-0.003,-1,0))) -> 0 | R496: 61.68
A497: 43180 | B497: 2711.93 | C497: =IF(OR(B497="",B496=""),"",(B497/B496)-1) -> -0.0018439862 | D497: =IF(OR(B497="",B494=""),"",(B497/B494)-1) -> -0.014563901 | E497: =_xlfn.XLOOKUP(A497,VIX!A:A,VIX!B:B,"",-1) -> 17.86 | F497: =IF(OR(E497="",E496=""),"",E497-E496) -> -0.34 | G497: =_xlfn.XLOOKUP(A497,'DGS10'!A:A,'DGS10'!B:B,"",-1) -> 2.89 | H497: =IF(OR(G497="",G496=""),"",G497-G496) -> 0 | I497: =_xlfn.XLOOKUP(A497,T10Y3M!A:A,T10Y3M!B:B,"",-1) -> 1.15 | J497: =_xlfn.XLOOKUP(A497,BAMLC0A4CBBB!A:A,BAMLC0A4CBBB!B:B,"",-1) -> 1.39 | K497: =_xlfn.XLOOKUP(A497,CPIAUCSL!A:A,CPIAUCSL!B:B,"",-1) -> 249.577 | L497: =_xlfn.XLOOKUP(A497,DFF!A:A,DFF!B:B,"",-1) -> 1.44 | M497: =_xlfn.XLOOKUP(A497,'DGS2'!A:A,'DGS2'!B:B,"",-1) -> 2.31 | N497: =IF(OR(M497="",M496=""),"",M497-M496) -> -0.03 | O497: =IF(OR(B498="",B497=""),"",(B498/B497)-1) -> -0.025162891 | P497: =IF(O497="","",IF(O497>0,1,0)) -> 0 | Q497: =IF(O497="","",IF(O497>0.003,1,IF(O497<-0.003,-1,0))) -> -1 | R497: 62.77
A498: 43181 | B498: 2643.69 | C498: =IF(OR(B498="",B497=""),"",(B498/B497)-1) -> -0.025162891 | D498: =IF(OR(B498="",B495=""),"",(B498/B495)-1) -> -0.025518629 | E498: =_xlfn.XLOOKUP(A498,VIX!A:A,VIX!B:B,"",-1) -> 23.34 | F498: =IF(OR(E498="",E497=""),"",E498-E497) -> 5.48 | G498: =_xlfn.XLOOKUP(A498,'DGS10'!A:A,'DGS10'!B:B,"",-1) -> 2.83 | H498: =IF(OR(G498="",G497=""),"",G498-G497) -> -0.06 | I498: =_xlfn.XLOOKUP(A498,T10Y3M!A:A,T10Y3M!B:B,"",-1) -> 1.11 | J498: =_xlfn.XLOOKUP(A498,BAMLC0A4CBBB!A:A,BAMLC0A4CBBB!B:B,"",-1) -> 1.42 | K498: =_xlfn.XLOOKUP(A498,CPIAUCSL!A:A,CPIAUCSL!B:B,"",-1) -> 249.577 | L498: =_xlfn.XLOOKUP(A498,DFF!A:A,DFF!B:B,"",-1) -> 1.68 | M498: =_xlfn.XLOOKUP(A498,'DGS2'!A:A,'DGS2'!B:B,"",-1) -> 2.29 | N498: =IF(OR(M498="",M497=""),"",M498-M497) -> -0.02 | O498: =IF(OR(B499="",B498=""),"",(B499/B498)-1) -> -0.020966906 | P498: =IF(O498="","",IF(O498>0,1,0)) -> 0 | Q498: =IF(O498="","",IF(O498>0.003,1,IF(O498<-0.003,-1,0))) -> -1 | R498: 63.55
A499: 43182 | B499: 2588.26 | C499: =IF(OR(B499="",B498=""),"",(B499/B498)-1) -> -0.020966906 | D499: =IF(OR(B499="",B496=""),"",(B499/B496)-1) -> -0.047362106 | E499: =_xlfn.XLOOKUP(A499,VIX!A:A,VIX!B:B,"",-1) -> 24.87 | F499: =IF(OR(E499="",E498=""),"",E499-E498) -> 1.53 | G499: =_xlfn.XLOOKUP(A499,'DGS10'!A:A,'DGS10'!B:B,"",-1) -> 2.82 | H499: =IF(OR(G499="",G498=""),"",G499-G498) -> -0.01 | I499: =_xlfn.XLOOKUP(A499,T10Y3M!A:A,T10Y3M!B:B,"",-1) -> 1.08 | J499: =_xlfn.XLOOKUP(A499,BAMLC0A4CBBB!A:A,BAMLC0A4CBBB!B:B,"",-1) -> 1.43 | K499: =_xlfn.XLOOKUP(A499,CPIAUCSL!A:A,CPIAUCSL!B:B,"",-1) -> 249.577 | L499: =_xlfn.XLOOKUP(A499,DFF!A:A,DFF!B:B,"",-1) -> 1.68 | M499: =_xlfn.XLOOKUP(A499,'DGS2'!A:A,'DGS2'!B:B,"",-1) -> 2.28 | N499: =IF(OR(M499="",M498=""),"",M499-M498) -> -0.01 | O499: =IF(OR(B500="",B499=""),"",(B500/B499)-1) -> 0.027157241 | P499: =IF(O499="","",IF(O499>0,1,0)) -> 1 | Q499: =IF(O499="","",IF(O499>0.003,1,IF(O499<-0.003,-1,0))) -> 1 | R499: 63.91
A500: 43185 | B500: 2658.55 | C500: =IF(OR(B500="",B499=""),"",(B500/B499)-1) -> 0.027157241 | D500: =IF(OR(B500="",B497=""),"",(B500/B497)-1) -> -0.019683399 | E500: =_xlfn.XLOOKUP(A500,VIX!A:A,VIX!B:B,"",-1) -> 21.03 | F500: =IF(OR(E500="",E499=""),"",E500-E499) -> -3.84 | G500: =_xlfn.XLOOKUP(A500,'DGS10'!A:A,'DGS10'!B:B,"",-1) -> 2.85 | H500: =IF(OR(G500="",G499=""),"",G500-G499) -> 0.03 | I500: =_xlfn.XLOOKUP(A500,T10Y3M!A:A,T10Y3M!B:B,"",-1) -> 1.06 | J500: =_xlfn.XLOOKUP(A500,BAMLC0A4CBBB!A:A,BAMLC0A4CBBB!B:B,"",-1) -> 1.44 | K500: =_xlfn.XLOOKUP(A500,CPIAUCSL!A:A,CPIAUCSL!B:B,"",-1) -> 249.577 | L500: =_xlfn.XLOOKUP(A500,DFF!A:A,DFF!B:B,"",-1) -> 1.68 | M500: =_xlfn.XLOOKUP(A500,'DGS2'!A:A,'DGS2'!B:B,"",-1) -> 2.33 | N500: =IF(OR(M500="",M499=""),"",M500-M499) -> 0.05 | O500: =IF(OR(B501="",B500=""),"",(B501/B500)-1) -> -0.017276335 | P500: =IF(O500="","",IF(O500>0,1,0)) -> 0 | Q500: =IF(O500="","",IF(O500>0.003,1,IF(O500<-0.003,-1,0))) -> -1 | R500: 63.01
A501: 43186 | B501: 2612.62 | C501: =IF(OR(B501="",B500=""),"",(B501/B500)-1) -> -0.017276335 | D501: =IF(OR(B501="",B498=""),"",(B501/B498)-1) -> -0.011752513 | E501: =_xlfn.XLOOKUP(A501,VIX!A:A,VIX!B:B,"",-1) -> 22.5 | F501: =IF(OR(E501="",E500=""),"",E501-E500) -> 1.47 | G501: =_xlfn.XLOOKUP(A501,'DGS10'!A:A,'DGS10'!B:B,"",-1) -> 2.78 | H501: =IF(OR(G501="",G500=""),"",G501-G500) -> -0.07 | I501: =_xlfn.XLOOKUP(A501,T10Y3M!A:A,T10Y3M!B:B,"",-1) -> 1.01 | J501: =_xlfn.XLOOKUP(A501,BAMLC0A4CBBB!A:A,BAMLC0A4CBBB!B:B,"",-1) -> 1.44 | K501: =_xlfn.XLOOKUP(A501,CPIAUCSL!A:A,CPIAUCSL!B:B,"",-1) -> 249.577 | L501: =_xlfn.XLOOKUP(A501,DFF!A:A,DFF!B:B,"",-1) -> 1.68 | M501: =_xlfn.XLOOKUP(A501,'DGS2'!A:A,'DGS2'!B:B,"",-1) -> 2.26 | N501: =IF(OR(M501="",M500=""),"",M501-M500) -> -0.07 | O501: =IF(OR(B502="",B501=""),"",(B502/B501)-1) -> -0.0029166124 | P501: =IF(O501="","",IF(O501>0,1,0)) -> 0 | Q501: =IF(O501="","",IF(O501>0.003,1,IF(O501<-0.003,-1,0))) -> 0 | R501: 61.64
A502: 43187 | B502: 2605 | C502: =IF(OR(B502="",B501=""),"",(B502/B501)-1) -> -0.0029166124 | D502: =IF(OR(B502="",B499=""),"",(B502/B499)-1) -> 0.0064676655 | E502: =_xlfn.XLOOKUP(A502,VIX!A:A,VIX!B:B,"",-1) -> 22.87 | F502: =IF(OR(E502="",E501=""),"",E502-E501) -> 0.37 | G502: =_xlfn.XLOOKUP(A502,'DGS10'!A:A,'DGS10'!B:B,"",-1) -> 2.77 | H502: =IF(OR(G502="",G501=""),"",G502-G501) -> -0.01 | I502: =_xlfn.XLOOKUP(A502,T10Y3M!A:A,T10Y3M!B:B,"",-1) -> 1.04 | J502: =_xlfn.XLOOKUP(A502,BAMLC0A4CBBB!A:A,BAMLC0A4CBBB!B:B,"",-1) -> 1.44 | K502: =_xlfn.XLOOKUP(A502,CPIAUCSL!A:A,CPIAUCSL!B:B,"",-1) -> 249.577 | L502: =_xlfn.XLOOKUP(A502,DFF!A:A,DFF!B:B,"",-1) -> 1.68 | M502: =_xlfn.XLOOKUP(A502,'DGS2'!A:A,'DGS2'!B:B,"",-1) -> 2.28 | N502: =IF(OR(M502="",M501=""),"",M502-M501) -> 0.02 | O502: =IF(OR(B503="",B502=""),"",(B503/B502)-1) -> 0.013769674 | P502: =IF(O502="","",IF(O502>0,1,0)) -> 1 | Q502: =IF(O502="","",IF(O502>0.003,1,IF(O502<-0.003,-1,0))) -> 1 | R502: 60.99
A503: 43188 | B503: 2640.87 | C503: =IF(OR(B503="",B502=""),"",(B503/B502)-1) -> 0.013769674 | D503: =IF(OR(B503="",B500=""),"",(B503/B500)-1) -> -0.0066502417 | E503: =_xlfn.XLOOKUP(A503,VIX!A:A,VIX!B:B,"",-1) -> 19.97 | F503: =IF(OR(E503="",E502=""),"",E503-E502) -> -2.9 | G503: =_xlfn.XLOOKUP(A503,'DGS10'!A:A,'DGS10'!B:B,"",-1) -> 2.74 | H503: =IF(OR(G503="",G502=""),"",G503-G502) -> -0.03 | I503: =_xlfn.XLOOKUP(A503,T10Y3M!A:A,T10Y3M!B:B,"",-1) -> 1.01 | J503: =_xlfn.XLOOKUP(A503,BAMLC0A4CBBB!A:A,BAMLC0A4CBBB!B:B,"",-1) -> 1.44 | K503: =_xlfn.XLOOKUP(A503,CPIAUCSL!A:A,CPIAUCSL!B:B,"",-1) -> 249.577 | L503: =_xlfn.XLOOKUP(A503,DFF!A:A,DFF!B:B,"",-1) -> 1.68 | M503: =_xlfn.XLOOKUP(A503,'DGS2'!A:A,'DGS2'!B:B,"",-1) -> 2.27 | N503: =IF(OR(M503="",M502=""),"",M503-M502) -> -0.01 | O503: =IF(OR(B504="",B503=""),"",(B504/B503)-1) -> -0.022337336 | P503: =IF(O503="","",IF(O503>0,1,0)) -> 0 | Q503: =IF(O503="","",IF(O503>0.003,1,IF(O503<-0.003,-1,0))) -> -1 | R503: 61.25
A504: 43192 | B504: 2581.88 | C504: =IF(OR(B504="",B503=""),"",(B504/B503)-1) -> -0.022337336 | D504: =IF(OR(B504="",B501=""),"",(B504/B501)-1) -> -0.011765967 | E504: =_xlfn.XLOOKUP(A504,VIX!A:A,VIX!B:B,"",-1) -> 23.62 | F504: =IF(OR(E504="",E503=""),"",E504-E503) -> 3.65 | G504: =_xlfn.XLOOKUP(A504,'DGS10'!A:A,'DGS10'!B:B,"",-1) -> 2.73 | H504: =IF(OR(G504="",G503=""),"",G504-G503) -> -0.01 | I504: =_xlfn.XLOOKUP(A504,T10Y3M!A:A,T10Y3M!B:B,"",-1) -> 0.96 | J504: =_xlfn.XLOOKUP(A504,BAMLC0A4CBBB!A:A,BAMLC0A4CBBB!B:B,"",-1) -> 1.45 | K504: =_xlfn.XLOOKUP(A504,CPIAUCSL!A:A,CPIAUCSL!B:B,"",-1) -> 250.227 | L504: =_xlfn.XLOOKUP(A504,DFF!A:A,DFF!B:B,"",-1) -> 1.68 | M504: =_xlfn.XLOOKUP(A504,'DGS2'!A:A,'DGS2'!B:B,"",-1) -> 2.25 | N504: =IF(OR(M504="",M503=""),"",M504-M503) -> -0.02 | O504: =IF(OR(B505="",B504=""),"",(B505/B504)-1) -> 0.012614839 | P504: =IF(O504="","",IF(O504>0,1,0)) -> 1 | Q504: =IF(O504="","",IF(O504>0.003,1,IF(O504<-0.003,-1,0))) -> 1 | R504: 62.57
A505: 43193 | B505: 2614.45 | C505: =IF(OR(B505="",B504=""),"",(B505/B504)-1) -> 0.012614839 | D505: =IF(OR(B505="",B502=""),"",(B505/B502)-1) -> 0.0036276392 | E505: =_xlfn.XLOOKUP(A505,VIX!A:A,VIX!B:B,"",-1) -> 21.1 | F505: =IF(OR(E505="",E504=""),"",E505-E504) -> -2.52 | G505: =_xlfn.XLOOKUP(A505,'DGS10'!A:A,'DGS10'!B:B,"",-1) -> 2.79 | H505: =IF(OR(G505="",G504=""),"",G505-G504) -> 0.06 | I505: =_xlfn.XLOOKUP(A505,T10Y3M!A:A,T10Y3M!B:B,"",-1) -> 1.04 | J505: =_xlfn.XLOOKUP(A505,BAMLC0A4CBBB!A:A,BAMLC0A4CBBB!B:B,"",-1) -> 1.45 | K505: =_xlfn.XLOOKUP(A505,CPIAUCSL!A:A,CPIAUCSL!B:B,"",-1) -> 250.227 | L505: =_xlfn.XLOOKUP(A505,DFF!A:A,DFF!B:B,"",-1) -> 1.69 | M505: =_xlfn.XLOOKUP(A505,'DGS2'!A:A,'DGS2'!B:B,"",-1) -> 2.28 | N505: =IF(OR(M505="",M504=""),"",M505-M504) -> 0.03 | O505: =IF(OR(B506="",B505=""),"",(B506/B505)-1) -> 0.011566486 | P505: =IF(O505="","",IF(O505>0,1,0)) -> 1 | Q505: =IF(O505="","",IF(O505>0.003,1,IF(O505<-0.003,-1,0))) -> 1 | R505: 62.6
A506: 43194 | B506: 2644.69 | C506: =IF(OR(B506="",B505=""),"",(B506/B505)-1) -> 0.011566486 | D506: =IF(OR(B506="",B503=""),"",(B506/B503)-1) -> 0.001446493 | E506: =_xlfn.XLOOKUP(A506,VIX!A:A,VIX!B:B,"",-1) -> 20.06 | F506: =IF(OR(E506="",E505=""),"",E506-E505) -> -1.04 | G506: =_xlfn.XLOOKUP(A506,'DGS10'!A:A,'DGS10'!B:B,"",-1) -> 2.79 | H506: =IF(OR(G506="",G505=""),"",G506-G505) -> 0 | I506: =_xlfn.XLOOKUP(A506,T10Y3M!A:A,T10Y3M!B:B,"",-1) -> 1.08 | J506: =_xlfn.XLOOKUP(A506,BAMLC0A4CBBB!A:A,BAMLC0A4CBBB!B:B,"",-1) -> 1.44 | K506: =_xlfn.XLOOKUP(A506,CPIAUCSL!A:A,CPIAUCSL!B:B,"",-1) -> 250.227 | L506: =_xlfn.XLOOKUP(A506,DFF!A:A,DFF!B:B,"",-1) -> 1.69 | M506: =_xlfn.XLOOKUP(A506,'DGS2'!A:A,'DGS2'!B:B,"",-1) -> 2.28 | N506: =IF(OR(M506="",M505=""),"",M506-M505) -> 0 | O506: =IF(OR(B507="",B506=""),"",(B507/B506)-1) -> 0.0068628081 | P506: =IF(O506="","",IF(O506>0,1,0)) -> 1 | Q506: =IF(O506="","",IF(O506>0.003,1,IF(O506<-0.003,-1,0))) -> 1 | R506: 61.15
... A522: 43216 | B522: 2666.94 | C522: =IF(OR(B522="",B521=""),"",(B522/B521)-1) -> 0.01043419 | D522: =IF(OR(B522="",B519=""),"",(B522/B519)-1) -> -0.0012545454 | E522: =_xlfn.XLOOKUP(A522,VIX!A:A,VIX!B:B,"",-1) -> 16.24 | F522: =IF(OR(E522="",E521=""),"",E522-E521) -> -1.6 | G522: =_xlfn.XLOOKUP(A522,'DGS10'!A:A,'DGS10'!B:B,"",-1) -> 3 | H522: =IF(OR(G522="",G521=""),"",G522-G521) -> -0.03 | I522: =_xlfn.XLOOKUP(A522,T10Y3M!A:A,T10Y3M!B:B,"",-1) -> 1.18 | J522: =_xlfn.XLOOKUP(A522,BAMLC0A4CBBB!A:A,BAMLC0A4CBBB!B:B,"",-1) -> 1.4 | K522: =_xlfn.XLOOKUP(A522,CPIAUCSL!A:A,CPIAUCSL!B:B,"",-1) -> 250.227 | L522: =_xlfn.XLOOKUP(A522,DFF!A:A,DFF!B:B,"",-1) -> 1.7 | M522: =_xlfn.XLOOKUP(A522,'DGS2'!A:A,'DGS2'!B:B,"",-1) -> 2.49 | N522: =IF(OR(M522="",M521=""),"",M522-M521) -> 0 | O522: =IF(OR(B523="",B522=""),"",(B523/B522)-1) -> 0.0011136359 | P522: =IF(O522="","",IF(O522>0,1,0)) -> 1 | Q522: =IF(O522="","",IF(O522>0.003,1,IF(O522<-0.003,-1,0))) -> 0 | R522: 64.94
A523: 43217 | B523: 2669.91 | C523: =IF(OR(B523="",B522=""),"",(B523/B522)-1) -> 0.0011136359 | D523: =IF(OR(B523="",B520=""),"",(B523/B520)-1) -> 0.0134178 | E523: =_xlfn.XLOOKUP(A523,VIX!A:A,VIX!B:B,"",-1) -> 15.41 | F523: =IF(OR(E523="",E522=""),"",E523-E522) -> -0.83 | G523: =_xlfn.XLOOKUP(A523,'DGS10'!A:A,'DGS10'!B:B,"",-1) -> 2.96 | H523: =IF(OR(G523="",G522=""),"",G523-G522) -> -0.04 | I523: =_xlfn.XLOOKUP(A523,T10Y3M!A:A,T10Y3M!B:B,"",-1) -> 1.14 | J523: =_xlfn.XLOOKUP(A523,BAMLC0A4CBBB!A:A,BAMLC0A4CBBB!B:B,"",-1) -> 1.41 | K523: =_xlfn.XLOOKUP(A523,CPIAUCSL!A:A,CPIAUCSL!B:B,"",-1) -> 250.227 | L523: =_xlfn.XLOOKUP(A523,DFF!A:A,DFF!B:B,"",-1) -> 1.7 | M523: =_xlfn.XLOOKUP(A523,'DGS2'!A:A,'DGS2'!B:B,"",-1) -> 2.49 | N523: =IF(OR(M523="",M522=""),"",M523-M522) -> 0 | O523: =IF(OR(B524="",B523=""),"",(B524/B523)-1) -> -0.0081875419 | P523: =IF(O523="","",IF(O523>0,1,0)) -> 0 | Q523: =IF(O523="","",IF(O523>0.003,1,IF(O523<-0.003,-1,0))) -> -1
A524: 43220 | B524: 2648.05 | C524: =IF(OR(B524="",B523=""),"",(B524/B523)-1) -> -0.0081875419 | D524: =IF(OR(B524="",B521=""),"",(B524/B521)-1) -> 0.00327726 | E524: =_xlfn.XLOOKUP(A524,VIX!A:A,VIX!B:B,"",-1) -> 15.93 | F524: =IF(OR(E524="",E523=""),"",E524-E523) -> 0.52 | G524: =_xlfn.XLOOKUP(A524,'DGS10'!A:A,'DGS10'!B:B,"",-1) -> 2.95 | H524: =IF(OR(G524="",G523=""),"",G524-G523) -> -0.01 | I524: =_xlfn.XLOOKUP(A524,T10Y3M!A:A,T10Y3M!B:B,"",-1) -> 1.08 | J524: =_xlfn.XLOOKUP(A524,BAMLC0A4CBBB!A:A,BAMLC0A4CBBB!B:B,"",-1) -> 1.44 | K524: =_xlfn.XLOOKUP(A524,CPIAUCSL!A:A,CPIAUCSL!B:B,"",-1) -> 250.227 | L524: =_xlfn.XLOOKUP(A524,DFF!A:A,DFF!B:B,"",-1) -> 1.69 | M524: =_xlfn.XLOOKUP(A524,'DGS2'!A:A,'DGS2'!B:B,"",-1) -> 2.49 | N524: =IF(OR(M524="",M523=""),"",M524-M523) -> 0 | O524: =IF(OR(B525="",B524=""),"",(B525/B524)-1) -> 0.0025490455 | P524: =IF(O524="","",IF(O524>0,1,0)) -> 1 | Q524: =IF(O524="","",IF(O524>0.003,1,IF(O524<-0.003,-1,0))) -> 0 | R524: 63.01
A525: 43221 | B525: 2654.8 | C525: =IF(OR(B525="",B524=""),"",(B525/B524)-1) -> 0.0025490455 | D525: =IF(OR(B525="",B522=""),"",(B525/B522)-1) -> -0.0045520334 | E525: =_xlfn.XLOOKUP(A525,VIX!A:A,VIX!B:B,"",-1) -> 15.49 | F525: =IF(OR(E525="",E524=""),"",E525-E524) -> -0.44 | G525: =_xlfn.XLOOKUP(A525,'DGS10'!A:A,'DGS10'!B:B,"",-1) -> 2.97 | H525: =IF(OR(G525="",G524=""),"",G525-G524) -> 0.02 | I525: =_xlfn.XLOOKUP(A525,T10Y3M!A:A,T10Y3M!B:B,"",-1) -> 1.12 | J525: =_xlfn.XLOOKUP(A525,BAMLC0A4CBBB!A:A,BAMLC0A4CBBB!B:B,"",-1) -> 1.44 | K525: =_xlfn.XLOOKUP(A525,CPIAUCSL!A:A,CPIAUCSL!B:B,"",-1) -> 250.792 | L525: =_xlfn.XLOOKUP(A525,DFF!A:A,DFF!B:B,"",-1) -> 1.7 | M525: =_xlfn.XLOOKUP(A525,'DGS2'!A:A,'DGS2'!B:B,"",-1) -> 2.5 | N525: =IF(OR(M525="",M524=""),"",M525-M524) -> 0.01 | O525: =IF(OR(B526="",B525=""),"",(B526/B525)-1) -> -0.0072058159 | P525: =IF(O525="","",IF(O525>0,1,0)) -> 0 | Q525: =IF(O525="","",IF(O525>0.003,1,IF(O525<-0.003,-1,0))) -> -1 | R525: 63.51
A526: 43222 | B526: 2635.67 | C526: =IF(OR(B526="",B525=""),"",(B526/B525)-1) -> -0.0072058159 | D526: =IF(OR(B526="",B523=""),"",(B526/B523)-1) -> -0.012824402 | E526: =_xlfn.XLOOKUP(A526,VIX!A:A,VIX!B:B,"",-1) -> 15.97 | F526: =IF(OR(E526="",E525=""),"",E526-E525) -> 0.48 | G526: =_xlfn.XLOOKUP(A526,'DGS10'!A:A,'DGS10'!B:B,"",-1) -> 2.97 | H526: =IF(OR(G526="",G525=""),"",G526-G525) -> 0 | I526: =_xlfn.XLOOKUP(A526,T10Y3M!A:A,T10Y3M!B:B,"",-1) -> 1.13 | J526: =_xlfn.XLOOKUP(A526,BAMLC0A4CBBB!A:A,BAMLC0A4CBBB!B:B,"",-1) -> 1.45 | K526: =_xlfn.XLOOKUP(A526,CPIAUCSL!A:A,CPIAUCSL!B:B,"",-1) -> 250.792 | L526: =_xlfn.XLOOKUP(A526,DFF!A:A,DFF!B:B,"",-1) -> 1.7 | M526: =_xlfn.XLOOKUP(A526,'DGS2'!A:A,'DGS2'!B:B,"",-1) -> 2.49 | N526: =IF(OR(M526="",M525=""),"",M526-M525) -> -0.01 | O526: =IF(OR(B527="",B526=""),"",(B527/B526)-1) -> -0.0022536964 | P526: =IF(O526="","",IF(O526>0,1,0)) -> 0 | Q526: =IF(O526="","",IF(O526>0.003,1,IF(O526<-0.003,-1,0))) -> 0 | R526: 63.37
A527: 43223 | B527: 2629.73 | C527: =IF(OR(B527="",B526=""),"",(B527/B526)-1) -> -0.0022536964 | D527: =IF(OR(B527="",B524=""),"",(B527/B524)-1) -> -0.0069182984 | E527: =_xlfn.XLOOKUP(A527,VIX!A:A,VIX!B:B,"",-1) -> 15.9 | F527: =IF(OR(E527="",E526=""),"",E527-E526) -> -0.07 | G527: =_xlfn.XLOOKUP(A527,'DGS10'!A:A,'DGS10'!B:B,"",-1) -> 2.94 | H527: =IF(OR(G527="",G526=""),"",G527-G526) -> -0.03 | I527: =_xlfn.XLOOKUP(A527,T10Y3M!A:A,T10Y3M!B:B,"",-1) -> 1.1 | J527: =_xlfn.XLOOKUP(A527,BAMLC0A4CBBB!A:A,BAMLC0A4CBBB!B:B,"",-1) -> 1.47 | K527: =_xlfn.XLOOKUP(A527,CPIAUCSL!A:A,CPIAUCSL!B:B,"",-1) -> 250.792 | L527: =_xlfn.XLOOKUP(A527,DFF!A:A,DFF!B:B,"",-1) -> 1.7 | M527: =_xlfn.XLOOKUP(A527,'DGS2'!A:A,'DGS2'!B:B,"",-1) -> 2.49 | N527: =IF(OR(M527="",M526=""),"",M527-M526) -> 0 | O527: =IF(OR(B528="",B527=""),"",(B528/B527)-1) -> 0.012811201 | P527: =IF(O527="","",IF(O527>0,1,0)) -> 1 | Q527: =IF(O527="","",IF(O527>0.003,1,IF(O527<-0.003,-1,0))) -> 1 | R527: 63.54
A528: 43224 | B528: 2663.42 | C528: =IF(OR(B528="",B527=""),"",(B528/B527)-1) -> 0.012811201 | D528: =IF(OR(B528="",B525=""),"",(B528/B525)-1) -> 0.0032469489 | E528: =_xlfn.XLOOKUP(A528,VIX!A:A,VIX!B:B,"",-1) -> 14.77 | F528: =IF(OR(E528="",E527=""),"",E528-E527) -> -1.13 | G528: =_xlfn.XLOOKUP(A528,'DGS10'!A:A,'DGS10'!B:B,"",-1) -> 2.95 | H528: =IF(OR(G528="",G527=""),"",G528-G527) -> 0.01 | I528: =_xlfn.XLOOKUP(A528,T10Y3M!A:A,T10Y3M!B:B,"",-1) -> 1.11 | J528: =_xlfn.XLOOKUP(A528,BAMLC0A4CBBB!A:A,BAMLC0A4CBBB!B:B,"",-1) -> 1.48 | K528: =_xlfn.XLOOKUP(A528,CPIAUCSL!A:A,CPIAUCSL!B:B,"",-1) -> 250.792 | L528: =_xlfn.XLOOKUP(A528,DFF!A:A,DFF!B:B,"",-1) -> 1.7 | M528: =_xlfn.XLOOKUP(A528,'DGS2'!A:A,'DGS2'!B:B,"",-1) -> 2.51 | N528: =IF(OR(M528="",M527=""),"",M528-M527) -> 0.02 | O528: =IF(OR(B529="",B528=""),"",(B529/B528)-1) -> 0.0034579601 | P528: =IF(O528="","",IF(O528>0,1,0)) -> 1 | Q528: =IF(O528="","",IF(O528>0.003,1,IF(O528<-0.003,-1,0))) -> 1 | R528: 62.06
A529: 43227 | B529: 2672.63 | C529: =IF(OR(B529="",B528=""),"",(B529/B528)-1) -> 0.0034579601 | D529: =IF(OR(B529="",B526=""),"",(B529/B526)-1) -> 0.014023 | E529: =_xlfn.XLOOKUP(A529,VIX!A:A,VIX!B:B,"",-1) -> 14.75 | F529: =IF(OR(E529="",E528=""),"",E529-E528) -> -0.02 | G529: =_xlfn.XLOOKUP(A529,'DGS10'!A:A,'DGS10'!B:B,"",-1) -> 2.95 | H529: =IF(OR(G529="",G528=""),"",G529-G528) -> 0 | I529: =_xlfn.XLOOKUP(A529,T10Y3M!A:A,T10Y3M!B:B,"",-1) -> 1.09 | J529: =_xlfn.XLOOKUP(A529,BAMLC0A4CBBB!A:A,BAMLC0A4CBBB!B:B,"",-1) -> 1.48 | K529: =_xlfn.XLOOKUP(A529,CPIAUCSL!A:A,CPIAUCSL!B:B,"",-1) -> 250.792 | L529: =_xlfn.XLOOKUP(A529,DFF!A:A,DFF!B:B,"",-1) -> 1.7 | M529: =_xlfn.XLOOKUP(A529,'DGS2'!A:A,'DGS2'!B:B,"",-1) -> 2.49 | N529: =IF(OR(M529="",M528=""),"",M529-M528) -> -0.02 | O529: =IF(OR(B530="",B529=""),"",(B530/B529)-1) -> -0.00026565593 | P529: =IF(O529="","",IF(O529>0,1,0)) -> 0 | Q529: =IF(O529="","",IF(O529>0.003,1,IF(O529<-0.003,-1,0))) -> 0 | R529: 63.42
A530: 43228 | B530: 2671.92 | C530: =IF(OR(B530="",B529=""),"",(B530/B529)-1) -> -0.00026565593 | D530: =IF(OR(B530="",B527=""),"",(B530/B527)-1) -> 0.016043472 | E530: =_xlfn.XLOOKUP(A530,VIX!A:A,VIX!B:B,"",-1) -> 14.71 | F530: =IF(OR(E530="",E529=""),"",E530-E529) -> -0.04 | G530: =_xlfn.XLOOKUP(A530,'DGS10'!A:A,'DGS10'!B:B,"",-1) -> 2.97 | H530: =IF(OR(G530="",G529=""),"",G530-G529) -> 0.02 | I530: =_xlfn.XLOOKUP(A530,T10Y3M!A:A,T10Y3M!B:B,"",-1) -> 1.1 | J530: =_xlfn.XLOOKUP(A530,BAMLC0A4CBBB!A:A,BAMLC0A4CBBB!B:B,"",-1) -> 1.48 | K530: =_xlfn.XLOOKUP(A530,CPIAUCSL!A:A,CPIAUCSL!B:B,"",-1) -> 250.792 | L530: =_xlfn.XLOOKUP(A530,DFF!A:A,DFF!B:B,"",-1) -> 1.7 | M530: =_xlfn.XLOOKUP(A530,'DGS2'!A:A,'DGS2'!B:B,"",-1) -> 2.51 | N530: =IF(OR(M530="",M529=""),"",M530-M529) -> 0.02 | O530: =IF(OR(B531="",B530=""),"",(B531/B530)-1) -> 0.0096821761 | P530: =IF(O530="","",IF(O530>0,1,0)) -> 1 | Q530: =IF(O530="","",IF(O530>0.003,1,IF(O530<-0.003,-1,0))) -> 1 | R530: 65.51
A531: 43229 | B531: 2697.79 | C531: =IF(OR(B531="",B530=""),"",(B531/B530)-1) -> 0.0096821761 | D531: =IF(OR(B531="",B528=""),"",(B531/B528)-1) -> 0.012904461 | E531: =_xlfn.XLOOKUP(A531,VIX!A:A,VIX!B:B,"",-1) -> 13.42 | F531: =IF(OR(E531="",E530=""),"",E531-E530) -> -1.29 | G531: =_xlfn.XLOOKUP(A531,'DGS10'!A:A,'DGS10'!B:B,"",-1) -> 3 | H531: =IF(OR(G531="",G530=""),"",G531-G530) -> 0.03 | I531: =_xlfn.XLOOKUP(A531,T10Y3M!A:A,T10Y3M!B:B,"",-1) -> 1.12 | J531: =_xlfn.XLOOKUP(A531,BAMLC0A4CBBB!A:A,BAMLC0A4CBBB!B:B,"",-1) -> 1.47 | K531: =_xlfn.XLOOKUP(A531,CPIAUCSL!A:A,CPIAUCSL!B:B,"",-1) -> 250.792 | L531: =_xlfn.XLOOKUP(A531,DFF!A:A,DFF!B:B,"",-1) -> 1.7 | M531: =_xlfn.XLOOKUP(A531,'DGS2'!A:A,'DGS2'!B:B,"",-1) -> 2.54 | N531: =IF(OR(M531="",M530=""),"",M531-M530) -> 0.03 | O531: =IF(OR(B532="",B531=""),"",(B532/B531)-1) -> 0.009370633 | P531: =IF(O531="","",IF(O531>0,1,0)) -> 1 | Q531: =IF(O531="","",IF(O531>0.003,1,IF(O531<-0.003,-1,0))) -> 1 | R531: 66.82
A532: 43230 | B532: 2723.07 | C532: =IF(OR(B532="",B531=""),"",(B532/B531)-1) -> 0.009370633 | D532: =IF(OR(B532="",B529=""),"",(B532/B529)-1) -> 0.018872796 | E532: =_xlfn.XLOOKUP(A532,VIX!A:A,VIX!B:B,"",-1) -> 13.23 | F532: =IF(OR(E532="",E531=""),"",E532-E531) -> -0.19 | G532: =_xlfn.XLOOKUP(A532,'DGS10'!A:A,'DGS10'!B:B,"",-1) -> 2.97 | H532: =IF(OR(G532="",G531=""),"",G532-G531) -> -0.03 | I532: =_xlfn.XLOOKUP(A532,T10Y3M!A:A,T10Y3M!B:B,"",-1) -> 1.07 | J532: =_xlfn.XLOOKUP(A532,BAMLC0A4CBBB!A:A,BAMLC0A4CBBB!B:B,"",-1) -> 1.46 | K532: =_xlfn.XLOOKUP(A532,CPIAUCSL!A:A,CPIAUCSL!B:B,"",-1) -> 250.792 | L532: =_xlfn.XLOOKUP(A532,DFF!A:A,DFF!B:B,"",-1) -> 1.7 | M532: =_xlfn.XLOOKUP(A532,'DGS2'!A:A,'DGS2'!B:B,"",-1) -> 2.54 | N532: =IF(OR(M532="",M531=""),"",M532-M531) -> 0 | O532: =IF(OR(B533="",B532=""),"",(B533/B532)-1) -> 0.0017076315 | P532: =IF(O532="","",IF(O532>0,1,0)) -> 1 | Q532: =IF(O532="","",IF(O532>0.003,1,IF(O532<-0.003,-1,0))) -> 0 | R532: 67.07
A533: 43231 | B533: 2727.72 | C533: =IF(OR(B533="",B532=""),"",(B533/B532)-1) -> 0.0017076315 | D533: =IF(OR(B533="",B530=""),"",(B533/B530)-1) -> 0.020883859 | E533: =_xlfn.XLOOKUP(A533,VIX!A:A,VIX!B:B,"",-1) -> 12.65 | F533: =IF(OR(E533="",E532=""),"",E533-E532) -> -0.58 | G533: =_xlfn.XLOOKUP(A533,'DGS10'!A:A,'DGS10'!B:B,"",-1) -> 2.97 | H533: =IF(OR(G533="",G532=""),"",G533-G532) -> 0 | I533: =_xlfn.XLOOKUP(A533,T10Y3M!A:A,T10Y3M!B:B,"",-1) -> 1.05 | J533: =_xlfn.XLOOKUP(A533,BAMLC0A4CBBB!A:A,BAMLC0A4CBBB!B:B,"",-1) -> 1.45 | K533: =_xlfn.XLOOKUP(A533,CPIAUCSL!A:A,CPIAUCSL!B:B,"",-1) -> 250.792 | L533: =_xlfn.XLOOKUP(A533,DFF!A:A,DFF!B:B,"",-1) -> 1.7 | M533: =_xlfn.XLOOKUP(A533,'DGS2'!A:A,'DGS2'!B:B,"",-1) -> 2.54 | N533: =IF(OR(M533="",M532=""),"",M533-M532) -> 0 | O533: =IF(OR(B534="",B533=""),"",(B534/B533)-1) -> 0.00088352177 | P533: =IF(O533="","",IF(O533>0,1,0)) -> 1 | Q533: =IF(O533="","",IF(O533>0.003,1,IF(O533<-0.003,-1,0))) -> 0 | R533: 67.39
A534: 43234 | B534: 2730.13 | C534: =IF(OR(B534="",B533=""),"",(B534/B533)-1) -> 0.00088352177 | D534: =IF(OR(B534="",B531=""),"",(B534/B531)-1) -> 0.01198759 | E534: =_xlfn.XLOOKUP(A534,VIX!A:A,VIX!B:B,"",-1) -> 12.93 | F534: =IF(OR(E534="",E533=""),"",E534-E533) -> 0.28 | G534: =_xlfn.XLOOKUP(A534,'DGS10'!A:A,'DGS10'!B:B,"",-1) -> 3 | H534: =IF(OR(G534="",G533=""),"",G534-G533) -> 0.03 | I534: =_xlfn.XLOOKUP(A534,T10Y3M!A:A,T10Y3M!B:B,"",-1) -> 1.07 | J534: =_xlfn.XLOOKUP(A534,BAMLC0A4CBBB!A:A,BAMLC0A4CBBB!B:B,"",-1) -> 1.44 | K534: =_xlfn.XLOOKUP(A534,CPIAUCSL!A:A,CPIAUCSL!B:B,"",-1) -> 250.792 | L534: =_xlfn.XLOOKUP(A534,DFF!A:A,DFF!B:B,"",-1) -> 1.7 | M534: =_xlfn.XLOOKUP(A534,'DGS2'!A:A,'DGS2'!B:B,"",-1) -> 2.55 | N534: =IF(OR(M534="",M533=""),"",M534-M533) -> 0.01 | O534: =IF(OR(B535="",B534=""),"",(B535/B534)-1) -> -0.006842165 | P534: =IF(O534="","",IF(O534>0,1,0)) -> 0 | Q534: =IF(O534="","",IF(O534>0.003,1,IF(O534<-0.003,-1,0))) -> -1 | R534: 66.22
A535: 43235 | B535: 2711.45 | C535: =IF(OR(B535="",B534=""),"",(B535/B534)-1) -> -0.006842165 | D535: =IF(OR(B535="",B532=""),"",(B535/B532)-1) -> -0.0042672425 | E535: =_xlfn.XLOOKUP(A535,VIX!A:A,VIX!B:B,"",-1) -> 14.63 | F535: =IF(OR(E535="",E534=""),"",E535-E534) -> 1.7 | G535: =_xlfn.XLOOKUP(A535,'DGS10'!A:A,'DGS10'!B:B,"",-1) -> 3.08 | H535: =IF(OR(G535="",G534=""),"",G535-G534) -> 0.08 | I535: =_xlfn.XLOOKUP(A535,T10Y3M!A:A,T10Y3M!B:B,"",-1) -> 1.16 | J535: =_xlfn.XLOOKUP(A535,BAMLC0A4CBBB!A:A,BAMLC0A4CBBB!B:B,"",-1) -> 1.44 | K535: =_xlfn.XLOOKUP(A535,CPIAUCSL!A:A,CPIAUCSL!B:B,"",-1) -> 250.792 | L535: =_xlfn.XLOOKUP(A535,DFF!A:A,DFF!B:B,"",-1) -> 1.7 | M535: =_xlfn.XLOOKUP(A535,'DGS2'!A:A,'DGS2'!B:B,"",-1) -> 2.58 | N535: =IF(OR(M535="",M534=""),"",M535-M534) -> 0.03 | O535: =IF(OR(B536="",B535=""),"",(B536/B535)-1) -> 0.004060558 | P535: =IF(O535="","",IF(O535>0,1,0)) -> 1 | Q535: =IF(O535="","",IF(O535>0.003,1,IF(O535<-0.003,-1,0))) -> 1 | R535: 66.52
... A590: 43314 | B590: 2827.22 | C590: =IF(OR(B590="",B589=""),"",(B590/B589)-1) -> 0.0049264936 | D590: =IF(OR(B590="",B587=""),"",(B590/B587)-1) -> 0.0087846999 | E590: =_xlfn.XLOOKUP(A590,VIX!A:A,VIX!B:B,"",-1) -> 12.19 | F590: =IF(OR(E590="",E589=""),"",E590-E589) -> -0.96 | G590: =_xlfn.XLOOKUP(A590,'DGS10'!A:A,'DGS10'!B:B,"",-1) -> 2.98 | H590: =IF(OR(G590="",G589=""),"",G590-G589) -> -0.02 | I590: =_xlfn.XLOOKUP(A590,T10Y3M!A:A,T10Y3M!B:B,"",-1) -> 0.96 | J590: =_xlfn.XLOOKUP(A590,BAMLC0A4CBBB!A:A,BAMLC0A4CBBB!B:B,"",-1) -> 1.46 | K590: =_xlfn.XLOOKUP(A590,CPIAUCSL!A:A,CPIAUCSL!B:B,"",-1) -> 251.663 | L590: =_xlfn.XLOOKUP(A590,DFF!A:A,DFF!B:B,"",-1) -> 1.91 | M590: =_xlfn.XLOOKUP(A590,'DGS2'!A:A,'DGS2'!B:B,"",-1) -> 2.66 | N590: =IF(OR(M590="",M589=""),"",M590-M589) -> -0.01 | O590: =IF(OR(B591="",B590=""),"",(B591/B590)-1) -> 0.0046441381 | P590: =IF(O590="","",IF(O590>0,1,0)) -> 1 | Q590: =IF(O590="","",IF(O590>0.003,1,IF(O590<-0.003,-1,0))) -> 1 | R590: 74.19
A591: 43315 | B591: 2840.35 | C591: =IF(OR(B591="",B590=""),"",(B591/B590)-1) -> 0.0046441381 | D591: =IF(OR(B591="",B588=""),"",(B591/B588)-1) -> 0.0085431543 | E591: =_xlfn.XLOOKUP(A591,VIX!A:A,VIX!B:B,"",-1) -> 11.64 | F591: =IF(OR(E591="",E590=""),"",E591-E590) -> -0.55 | G591: =_xlfn.XLOOKUP(A591,'DGS10'!A:A,'DGS10'!B:B,"",-1) -> 2.95 | H591: =IF(OR(G591="",G590=""),"",G591-G590) -> -0.03 | I591: =_xlfn.XLOOKUP(A591,T10Y3M!A:A,T10Y3M!B:B,"",-1) -> 0.94 | J591: =_xlfn.XLOOKUP(A591,BAMLC0A4CBBB!A:A,BAMLC0A4CBBB!B:B,"",-1) -> 1.46 | K591: =_xlfn.XLOOKUP(A591,CPIAUCSL!A:A,CPIAUCSL!B:B,"",-1) -> 251.663 | L591: =_xlfn.XLOOKUP(A591,DFF!A:A,DFF!B:B,"",-1) -> 1.91 | M591: =_xlfn.XLOOKUP(A591,'DGS2'!A:A,'DGS2'!B:B,"",-1) -> 2.63 | N591: =IF(OR(M591="",M590=""),"",M591-M590) -> -0.03 | O591: =IF(OR(B592="",B591=""),"",(B592/B591)-1) -> 0.0035382963 | P591: =IF(O591="","",IF(O591>0,1,0)) -> 1 | Q591: =IF(O591="","",IF(O591>0.003,1,IF(O591<-0.003,-1,0))) -> 1
A592: 43318 | B592: 2850.4 | C592: =IF(OR(B592="",B591=""),"",(B592/B591)-1) -> 0.0035382963 | D592: =IF(OR(B592="",B589=""),"",(B592/B589)-1) -> 0.013165752 | E592: =_xlfn.XLOOKUP(A592,VIX!A:A,VIX!B:B,"",-1) -> 11.27 | F592: =IF(OR(E592="",E591=""),"",E592-E591) -> -0.37 | G592: =_xlfn.XLOOKUP(A592,'DGS10'!A:A,'DGS10'!B:B,"",-1) -> 2.94 | H592: =IF(OR(G592="",G591=""),"",G592-G591) -> -0.01 | I592: =_xlfn.XLOOKUP(A592,T10Y3M!A:A,T10Y3M!B:B,"",-1) -> 0.89 | J592: =_xlfn.XLOOKUP(A592,BAMLC0A4CBBB!A:A,BAMLC0A4CBBB!B:B,"",-1) -> 1.46 | K592: =_xlfn.XLOOKUP(A592,CPIAUCSL!A:A,CPIAUCSL!B:B,"",-1) -> 251.663 | L592: =_xlfn.XLOOKUP(A592,DFF!A:A,DFF!B:B,"",-1) -> 1.91 | M592: =_xlfn.XLOOKUP(A592,'DGS2'!A:A,'DGS2'!B:B,"",-1) -> 2.64 | N592: =IF(OR(M592="",M591=""),"",M592-M591) -> 0.01 | O592: =IF(OR(B593="",B592=""),"",(B593/B592)-1) -> 0.002824165 | P592: =IF(O592="","",IF(O592>0,1,0)) -> 1 | Q592: =IF(O592="","",IF(O592>0.003,1,IF(O592<-0.003,-1,0))) -> 0 | R592: 73.05
A593: 43319 | B593: 2858.45 | C593: =IF(OR(B593="",B592=""),"",(B593/B592)-1) -> 0.002824165 | D593: =IF(OR(B593="",B590=""),"",(B593/B590)-1) -> 0.011046187 | E593: =_xlfn.XLOOKUP(A593,VIX!A:A,VIX!B:B,"",-1) -> 10.93 | F593: =IF(OR(E593="",E592=""),"",E593-E592) -> -0.34 | G593: =_xlfn.XLOOKUP(A593,'DGS10'!A:A,'DGS10'!B:B,"",-1) -> 2.98 | H593: =IF(OR(G593="",G592=""),"",G593-G592) -> 0.04 | I593: =_xlfn.XLOOKUP(A593,T10Y3M!A:A,T10Y3M!B:B,"",-1) -> 0.92 | J593: =_xlfn.XLOOKUP(A593,BAMLC0A4CBBB!A:A,BAMLC0A4CBBB!B:B,"",-1) -> 1.45 | K593: =_xlfn.XLOOKUP(A593,CPIAUCSL!A:A,CPIAUCSL!B:B,"",-1) -> 251.663 | L593: =_xlfn.XLOOKUP(A593,DFF!A:A,DFF!B:B,"",-1) -> 1.91 | M593: =_xlfn.XLOOKUP(A593,'DGS2'!A:A,'DGS2'!B:B,"",-1) -> 2.68 | N593: =IF(OR(M593="",M592=""),"",M593-M592) -> 0.04 | O593: =IF(OR(B594="",B593=""),"",(B594/B593)-1) -> -0.00026237996 | P593: =IF(O593="","",IF(O593>0,1,0)) -> 0 | Q593: =IF(O593="","",IF(O593>0.003,1,IF(O593<-0.003,-1,0))) -> 0 | R593: 73.78
A594: 43320 | B594: 2857.7 | C594: =IF(OR(B594="",B593=""),"",(B594/B593)-1) -> -0.00026237996 | D594: =IF(OR(B594="",B591=""),"",(B594/B591)-1) -> 0.0061084021 | E594: =_xlfn.XLOOKUP(A594,VIX!A:A,VIX!B:B,"",-1) -> 10.85 | F594: =IF(OR(E594="",E593=""),"",E594-E593) -> -0.08 | G594: =_xlfn.XLOOKUP(A594,'DGS10'!A:A,'DGS10'!B:B,"",-1) -> 2.96 | H594: =IF(OR(G594="",G593=""),"",G594-G593) -> -0.02 | I594: =_xlfn.XLOOKUP(A594,T10Y3M!A:A,T10Y3M!B:B,"",-1) -> 0.9 | J594: =_xlfn.XLOOKUP(A594,BAMLC0A4CBBB!A:A,BAMLC0A4CBBB!B:B,"",-1) -> 1.46 | K594: =_xlfn.XLOOKUP(A594,CPIAUCSL!A:A,CPIAUCSL!B:B,"",-1) -> 251.663 | L594: =_xlfn.XLOOKUP(A594,DFF!A:A,DFF!B:B,"",-1) -> 1.91 | M594: =_xlfn.XLOOKUP(A594,'DGS2'!A:A,'DGS2'!B:B,"",-1) -> 2.68 | N594: =IF(OR(M594="",M593=""),"",M594-M593) -> 0 | O594: =IF(OR(B595="",B594=""),"",(B595/B594)-1) -> -0.0014417189 | P594: =IF(O594="","",IF(O594>0,1,0)) -> 0 | Q594: =IF(O594="","",IF(O594>0.003,1,IF(O594<-0.003,-1,0))) -> 0 | R594: 73.93
A595: 43321 | B595: 2853.58 | C595: =IF(OR(B595="",B594=""),"",(B595/B594)-1) -> -0.0014417189 | D595: =IF(OR(B595="",B592=""),"",(B595/B592)-1) -> 0.0011156329 | E595: =_xlfn.XLOOKUP(A595,VIX!A:A,VIX!B:B,"",-1) -> 11.27 | F595: =IF(OR(E595="",E594=""),"",E595-E594) -> 0.42 | G595: =_xlfn.XLOOKUP(A595,'DGS10'!A:A,'DGS10'!B:B,"",-1) -> 2.93 | H595: =IF(OR(G595="",G594=""),"",G595-G594) -> -0.03 | I595: =_xlfn.XLOOKUP(A595,T10Y3M!A:A,T10Y3M!B:B,"",-1) -> 0.87 | J595: =_xlfn.XLOOKUP(A595,BAMLC0A4CBBB!A:A,BAMLC0A4CBBB!B:B,"",-1) -> 1.47 | K595: =_xlfn.XLOOKUP(A595,CPIAUCSL!A:A,CPIAUCSL!B:B,"",-1) -> 251.663 | L595: =_xlfn.XLOOKUP(A595,DFF!A:A,DFF!B:B,"",-1) -> 1.91 | M595: =_xlfn.XLOOKUP(A595,'DGS2'!A:A,'DGS2'!B:B,"",-1) -> 2.64 | N595: =IF(OR(M595="",M594=""),"",M595-M594) -> -0.04 | O595: =IF(OR(B596="",B595=""),"",(B596/B595)-1) -> -0.007113871 | P595: =IF(O595="","",IF(O595>0,1,0)) -> 0 | Q595: =IF(O595="","",IF(O595>0.003,1,IF(O595<-0.003,-1,0))) -> -1
A596: 43322 | B596: 2833.28 | C596: =IF(OR(B596="",B595=""),"",(B596/B595)-1) -> -0.007113871 | D596: =IF(OR(B596="",B593=""),"",(B596/B593)-1) -> -0.0088054715 | E596: =_xlfn.XLOOKUP(A596,VIX!A:A,VIX!B:B,"",-1) -> 13.16 | F596: =IF(OR(E596="",E595=""),"",E596-E595) -> 1.89 | G596: =_xlfn.XLOOKUP(A596,'DGS10'!A:A,'DGS10'!B:B,"",-1) -> 2.87 | H596: =IF(OR(G596="",G595=""),"",G596-G595) -> -0.06 | I596: =_xlfn.XLOOKUP(A596,T10Y3M!A:A,T10Y3M!B:B,"",-1) -> 0.82 | J596: =_xlfn.XLOOKUP(A596,BAMLC0A4CBBB!A:A,BAMLC0A4CBBB!B:B,"",-1) -> 1.5 | K596: =_xlfn.XLOOKUP(A596,CPIAUCSL!A:A,CPIAUCSL!B:B,"",-1) -> 251.663 | L596: =_xlfn.XLOOKUP(A596,DFF!A:A,DFF!B:B,"",-1) -> 1.91 | M596: =_xlfn.XLOOKUP(A596,'DGS2'!A:A,'DGS2'!B:B,"",-1) -> 2.61 | N596: =IF(OR(M596="",M595=""),"",M596-M595) -> -0.03 | O596: =IF(OR(B597="",B596=""),"",(B597/B596)-1) -> -0.0040059578 | P596: =IF(O596="","",IF(O596>0,1,0)) -> 0 | Q596: =IF(O596="","",IF(O596>0.003,1,IF(O596<-0.003,-1,0))) -> -1
A597: 43325 | B597: 2821.93 | C597: =IF(OR(B597="",B596=""),"",(B597/B596)-1) -> -0.0040059578 | D597: =IF(OR(B597="",B594=""),"",(B597/B594)-1) -> -0.012517059 | E597: =_xlfn.XLOOKUP(A597,VIX!A:A,VIX!B:B,"",-1) -> 14.78 | F597: =IF(OR(E597="",E596=""),"",E597-E596) -> 1.62 | G597: =_xlfn.XLOOKUP(A597,'DGS10'!A:A,'DGS10'!B:B,"",-1) -> 2.88 | H597: =IF(OR(G597="",G596=""),"",G597-G596) -> 0.01 | I597: =_xlfn.XLOOKUP(A597,T10Y3M!A:A,T10Y3M!B:B,"",-1) -> 0.82 | J597: =_xlfn.XLOOKUP(A597,BAMLC0A4CBBB!A:A,BAMLC0A4CBBB!B:B,"",-1) -> 1.52 | K597: =_xlfn.XLOOKUP(A597,CPIAUCSL!A:A,CPIAUCSL!B:B,"",-1) -> 251.663 | L597: =_xlfn.XLOOKUP(A597,DFF!A:A,DFF!B:B,"",-1) -> 1.91 | M597: =_xlfn.XLOOKUP(A597,'DGS2'!A:A,'DGS2'!B:B,"",-1) -> 2.61 | N597: =IF(OR(M597="",M596=""),"",M597-M596) -> 0 | O597: =IF(OR(B598="",B597=""),"",(B598/B597)-1) -> 0.0063892442 | P597: =IF(O597="","",IF(O597>0,1,0)) -> 1 | Q597: =IF(O597="","",IF(O597>0.003,1,IF(O597<-0.003,-1,0))) -> 1
A598: 43326 | B598: 2839.96 | C598: =IF(OR(B598="",B597=""),"",(B598/B597)-1) -> 0.0063892442 | D598: =IF(OR(B598="",B595=""),"",(B598/B595)-1) -> -0.0047729519 | E598: =_xlfn.XLOOKUP(A598,VIX!A:A,VIX!B:B,"",-1) -> 13.31 | F598: =IF(OR(E598="",E597=""),"",E598-E597) -> -1.47 | G598: =_xlfn.XLOOKUP(A598,'DGS10'!A:A,'DGS10'!B:B,"",-1) -> 2.89 | H598: =IF(OR(G598="",G597=""),"",G598-G597) -> 0.01 | I598: =_xlfn.XLOOKUP(A598,T10Y3M!A:A,T10Y3M!B:B,"",-1) -> 0.81 | J598: =_xlfn.XLOOKUP(A598,BAMLC0A4CBBB!A:A,BAMLC0A4CBBB!B:B,"",-1) -> 1.51 | K598: =_xlfn.XLOOKUP(A598,CPIAUCSL!A:A,CPIAUCSL!B:B,"",-1) -> 251.663 | L598: =_xlfn.XLOOKUP(A598,DFF!A:A,DFF!B:B,"",-1) -> 1.91 | M598: =_xlfn.XLOOKUP(A598,'DGS2'!A:A,'DGS2'!B:B,"",-1) -> 2.63 | N598: =IF(OR(M598="",M597=""),"",M598-M597) -> 0.02 | O598: =IF(OR(B599="",B598=""),"",(B599/B598)-1) -> -0.0076022197 | P598: =IF(O598="","",IF(O598>0,1,0)) -> 0 | Q598: =IF(O598="","",IF(O598>0.003,1,IF(O598<-0.003,-1,0))) -> -1
A599: 43327 | B599: 2818.37 | C599: =IF(OR(B599="",B598=""),"",(B599/B598)-1) -> -0.0076022197 | D599: =IF(OR(B599="",B596=""),"",(B599/B596)-1) -> -0.005262452 | E599: =_xlfn.XLOOKUP(A599,VIX!A:A,VIX!B:B,"",-1) -> 14.64 | F599: =IF(OR(E599="",E598=""),"",E599-E598) -> 1.33 | G599: =_xlfn.XLOOKUP(A599,'DGS10'!A:A,'DGS10'!B:B,"",-1) -> 2.86 | H599: =IF(OR(G599="",G598=""),"",G599-G598) -> -0.03 | I599: =_xlfn.XLOOKUP(A599,T10Y3M!A:A,T10Y3M!B:B,"",-1) -> 0.79 | J599: =_xlfn.XLOOKUP(A599,BAMLC0A4CBBB!A:A,BAMLC0A4CBBB!B:B,"",-1) -> 1.52 | K599: =_xlfn.XLOOKUP(A599,CPIAUCSL!A:A,CPIAUCSL!B:B,"",-1) -> 251.663 | L599: =_xlfn.XLOOKUP(A599,DFF!A:A,DFF!B:B,"",-1) -> 1.91 | M599: =_xlfn.XLOOKUP(A599,'DGS2'!A:A,'DGS2'!B:B,"",-1) -> 2.61 | N599: =IF(OR(M599="",M598=""),"",M599-M598) -> -0.02 | O599: =IF(OR(B600="",B599=""),"",(B600/B599)-1) -> 0.0079194712 | P599: =IF(O599="","",IF(O599>0,1,0)) -> 1 | Q599: =IF(O599="","",IF(O599>0.003,1,IF(O599<-0.003,-1,0))) -> 1
A600: 43328 | B600: 2840.69 | C600: =IF(OR(B600="",B599=""),"",(B600/B599)-1) -> 0.0079194712 | D600: =IF(OR(B600="",B597=""),"",(B600/B597)-1) -> 0.0066479324 | E600: =_xlfn.XLOOKUP(A600,VIX!A:A,VIX!B:B,"",-1) -> 13.45 | F600: =IF(OR(E600="",E599=""),"",E600-E599) -> -1.19 | G600: =_xlfn.XLOOKUP(A600,'DGS10'!A:A,'DGS10'!B:B,"",-1) -> 2.87 | H600: =IF(OR(G600="",G599=""),"",G600-G599) -> 0.01 | I600: =_xlfn.XLOOKUP(A600,T10Y3M!A:A,T10Y3M!B:B,"",-1) -> 0.8 | J600: =_xlfn.XLOOKUP(A600,BAMLC0A4CBBB!A:A,BAMLC0A4CBBB!B:B,"",-1) -> 1.51 | K600: =_xlfn.XLOOKUP(A600,CPIAUCSL!A:A,CPIAUCSL!B:B,"",-1) -> 251.663 | L600: =_xlfn.XLOOKUP(A600,DFF!A:A,DFF!B:B,"",-1) -> 1.92 | M600: =_xlfn.XLOOKUP(A600,'DGS2'!A:A,'DGS2'!B:B,"",-1) -> 2.63 | N600: =IF(OR(M600="",M599=""),"",M600-M599) -> 0.02 | O600: =IF(OR(B601="",B600=""),"",(B601/B600)-1) -> 0.0033231363 | P600: =IF(O600="","",IF(O600>0,1,0)) -> 1 | Q600: =IF(O600="","",IF(O600>0.003,1,IF(O600<-0.003,-1,0))) -> 1
A601: 43329 | B601: 2850.13 | C601: =IF(OR(B601="",B600=""),"",(B601/B600)-1) -> 0.0033231363 | D601: =IF(OR(B601="",B598=""),"",(B601/B598)-1) -> 0.0035810364 | E601: =_xlfn.XLOOKUP(A601,VIX!A:A,VIX!B:B,"",-1) -> 12.64 | F601: =IF(OR(E601="",E600=""),"",E601-E600) -> -0.81 | G601: =_xlfn.XLOOKUP(A601,'DGS10'!A:A,'DGS10'!B:B,"",-1) -> 2.87 | H601: =IF(OR(G601="",G600=""),"",G601-G600) -> 0 | I601: =_xlfn.XLOOKUP(A601,T10Y3M!A:A,T10Y3M!B:B,"",-1) -> 0.82 | J601: =_xlfn.XLOOKUP(A601,BAMLC0A4CBBB!A:A,BAMLC0A4CBBB!B:B,"",-1) -> 1.5 | K601: =_xlfn.XLOOKUP(A601,CPIAUCSL!A:A,CPIAUCSL!B:B,"",-1) -> 251.663 | L601: =_xlfn.XLOOKUP(A601,DFF!A:A,DFF!B:B,"",-1) -> 1.92 | M601: =_xlfn.XLOOKUP(A601,'DGS2'!A:A,'DGS2'!B:B,"",-1) -> 2.61 | N601: =IF(OR(M601="",M600=""),"",M601-M600) -> -0.02 | O601: =IF(OR(B602="",B601=""),"",(B602/B601)-1) -> 0.0024279594 | P601: =IF(O601="","",IF(O601>0,1,0)) -> 1 | Q601: =IF(O601="","",IF(O601>0.003,1,IF(O601<-0.003,-1,0))) -> 0
A602: 43332 | B602: 2857.05 | C602: =IF(OR(B602="",B601=""),"",(B602/B601)-1) -> 0.0024279594 | D602: =IF(OR(B602="",B599=""),"",(B602/B599)-1) -> 0.013724245 | E602: =_xlfn.XLOOKUP(A602,VIX!A:A,VIX!B:B,"",-1) -> 12.49 | F602: =IF(OR(E602="",E601=""),"",E602-E601) -> -0.15 | G602: =_xlfn.XLOOKUP(A602,'DGS10'!A:A,'DGS10'!B:B,"",-1) -> 2.82 | H602: =IF(OR(G602="",G601=""),"",G602-G601) -> -0.05 | I602: =_xlfn.XLOOKUP(A602,T10Y3M!A:A,T10Y3M!B:B,"",-1) -> 0.76 | J602: =_xlfn.XLOOKUP(A602,BAMLC0A4CBBB!A:A,BAMLC0A4CBBB!B:B,"",-1) -> 1.51 | K602: =_xlfn.XLOOKUP(A602,CPIAUCSL!A:A,CPIAUCSL!B:B,"",-1) -> 251.663 | L602: =_xlfn.XLOOKUP(A602,DFF!A:A,DFF!B:B,"",-1) -> 1.92 | M602: =_xlfn.XLOOKUP(A602,'DGS2'!A:A,'DGS2'!B:B,"",-1) -> 2.6 | N602: =IF(OR(M602="",M601=""),"",M602-M601) -> -0.01 | O602: =IF(OR(B603="",B602=""),"",(B603/B602)-1) -> 0.0020685672 | P602: =IF(O602="","",IF(O602>0,1,0)) -> 1 | Q602: =IF(O602="","",IF(O602>0.003,1,IF(O602<-0.003,-1,0))) -> 0
...

Sheet CRUDE OIL PRICES
A1: Date | B1: Closing Value
A2: 31414 | B2: 25.56
A3: 31415 | B3: 26
A4: 31418 | B4: 26.53
A5: 31419 | B5: 25.85
A6: 31420 | B6: 25.87
A7: 31421 | B7: 26.03
A8: 31422 | B8: 25.65
A9: 31425 | B9: 25.08
A10: 31426 | B10: 24.97
A11: 31427 | B11: 25.18
A12: 31428 | B12: 23.98
A13: 31429 | B13: 23.63
... A8061: 43061 | B8061: 58.02
A8062: 43062
A8063: 43063 | B8063: 58.95
A8064: 43066 | B8064: 58.11
A8065: 43067 | B8065: 57.99
A8066: 43068 | B8066: 57.3
A8067: 43069 | B8067: 57.4
A8068: 43070 | B8068: 58.36
A8069: 43073 | B8069: 57.47
A8070: 43074 | B8070: 57.62
A8071: 43075 | B8071: 55.96
A8072: 43076 | B8072: 56.69
A8073: 43077 | B8073: 57.36
A8074: 43080 | B8074: 57.99
... A8083: 43091 | B8083: 58.47
A8084: 43094
A8085: 43095 | B8085: 59.97
A8086: 43096 | B8086: 59.64
A8087: 43097 | B8087: 59.84
A8088: 43098 | B8088: 60.42
A8089: 43101
A8090: 43102 | B8090: 60.37
A8091: 43103 | B8091: 61.63
A8092: 43104 | B8092: 62.01
A8093: 43105 | B8093: 61.44
A8094: 43108 | B8094: 61.73
A8095: 43109 | B8095: 62.96
A8096: 43110 | B8096: 63.57
A8097: 43111 | B8097: 63.8
A8098: 43112 | B8098: 64.3
A8099: 43115
A8100: 43116 | B8100: 63.73
A8101: 43117 | B8101: 63.97
A8102: 43118 | B8102: 63.95
A8103: 43119 | B8103: 63.37
A8104: 43122 | B8104: 63.49
A8105: 43123 | B8105: 64.47
A8106: 43124 | B8106: 65.61
A8107: 43125 | B8107: 65.51
A8108: 43126 | B8108: 66.14
A8109: 43129 | B8109: 65.56
A8110: 43130 | B8110: 64.5
A8111: 43131 | B8111: 64.73
... A8123: 43147 | B8123: 61.68
A8124: 43150
A8125: 43151 | B8125: 61.9
A8126: 43152 | B8126: 61.68
A8127: 43153 | B8127: 62.77
A8128: 43154 | B8128: 63.55
A8129: 43157 | B8129: 63.91
A8130: 43158 | B8130: 63.01
A8131: 43159 | B8131: 61.64
A8132: 43160 | B8132: 60.99
A8133: 43161 | B8133: 61.25
A8134: 43164 | B8134: 62.57
A8135: 43165 | B8135: 62.6
A8136: 43166 | B8136: 61.15
... A8152: 43188 | B8152: 64.94
A8153: 43189
A8154: 43192 | B8154: 63.01
A8155: 43193 | B8155: 63.51
A8156: 43194 | B8156: 63.37
A8157: 43195 | B8157: 63.54
A8158: 43196 | B8158: 62.06
A8159: 43199 | B8159: 63.42
A8160: 43200 | B8160: 65.51
A8161: 43201 | B8161: 66.82
A8162: 43202 | B8162: 67.07
A8163: 43203 | B8163: 67.39
A8164: 43206 | B8164: 66.22
A8165: 43207 | B8165: 66.52
... A8220: 43284 | B8220: 74.19
A8221: 43285
A8222: 43286 | B8222: 73.05
A8223: 43287 | B8223: 73.78
A8224: 43290 | B8224: 73.93

Sheet VIX
A1: observation_date | B1: VIXCLS
A2: 42461 | B2: 13.1
A3: 42464 | B3: 14.12
A4: 42465 | B4: 15.42
A5: 42466 | B5: 14.09
A6: 42467 | B6: 16.16
A7: 42468 | B7: 15.36
A8: 42471 | B8: 16.26
A9: 42472 | B9: 14.85
A10: 42473 | B10: 13.84
A11: 42474 | B11: 13.72
A12: 42475 | B12: 13.62
A13: 42478 | B13: 13.35
... A42: 42517 | B42: 13.12
A43: 42520
A44: 42521 | B44: 14.19
A45: 42522 | B45: 14.2
A46: 42523 | B46: 13.63
A47: 42524 | B47: 13.47
A48: 42527 | B48: 13.65
A49: 42528 | B49: 14.05
A50: 42529 | B50: 14.08
A51: 42530 | B51: 14.64
A52: 42531 | B52: 17.03
A53: 42534 | B53: 20.97
A54: 42535 | B54: 20.5
A55: 42536 | B55: 20.14
... A67: 42552 | B67: 14.77
A68: 42555
A69: 42556 | B69: 15.58
A70: 42557 | B70: 14.96
A71: 42558 | B71: 14.76
A72: 42559 | B72: 13.2
A73: 42562 | B73: 13.54
A74: 42563 | B74: 13.55
A75: 42564 | B75: 13.04
A76: 42565 | B76: 12.82
A77: 42566 | B77: 12.67
A78: 42569 | B78: 12.44
A79: 42570 | B79: 11.97
A80: 42571 | B80: 11.77
... A112: 42615 | B112: 11.98
A113: 42618
A114: 42619 | B114: 12.02
A115: 42620 | B115: 11.94
A116: 42621 | B116: 12.51
A117: 42622 | B117: 17.5
A118: 42625 | B118: 15.16
A119: 42626 | B119: 17.85
A120: 42627 | B120: 18.14
A121: 42628 | B121: 16.3
A122: 42629 | B122: 15.37
A123: 42632 | B123: 15.53
A124: 42633 | B124: 15.92
A125: 42634 | B125: 13.3
... A170: 42697 | B170: 12.43
A171: 42698
A172: 42699 | B172: 12.34
A173: 42702 | B173: 13.15
A174: 42703 | B174: 12.9
A175: 42704 | B175: 13.33
A176: 42705 | B176: 14.07
A177: 42706 | B177: 14.12
A178: 42709 | B178: 12.14
A179: 42710 | B179: 11.79
A180: 42711 | B180: 12.22
A181: 42712 | B181: 12.64
A182: 42713 | B182: 11.75
A183: 42716 | B183: 12.64
... A192: 42727 | B192: 11.44
A193: 42730
A194: 42731 | B194: 11.99
A195: 42732 | B195: 12.95
A196: 42733 | B196: 13.37
A197: 42734 | B197: 14.04
A198: 42737
A199: 42738 | B199: 12.85
A200: 42739 | B200: 11.85
A201: 42740 | B201: 11.67
A202: 42741 | B202: 11.32
A203: 42744 | B203: 11.56
A204: 42745 | B204: 11.49
A205: 42746 | B205: 11.26
A206: 42747 | B206: 11.54
A207: 42748 | B207: 11.23
A208: 42751
A209: 42752 | B209: 11.87
A210: 42753 | B210: 12.48
A211: 42754 | B211: 12.78
A212: 42755 | B212: 11.54
A213: 42758 | B213: 11.77
A214: 42759 | B214: 11.07
A215: 42760 | B215: 10.81
A216: 42761 | B216: 10.63
A217: 42762 | B217: 10.58
A218: 42765 | B218: 11.88
A219: 42766 | B219: 11.99
A220: 42767 | B220: 11.81
... A232: 42783 | B232: 11.49
A233: 42786
...

Sheet DGS10
A1: observation_date | B1: DGS10
A2: 42464 | B2: 1.78
A3: 42465 | B3: 1.73
A4: 42466 | B4: 1.76
A5: 42467 | B5: 1.7
A6: 42468 | B6: 1.72
A7: 42471 | B7: 1.73
A8: 42472 | B8: 1.79
A9: 42473 | B9: 1.77
A10: 42474 | B10: 1.8
A11: 42475 | B11: 1.76
A12: 42478 | B12: 1.78
A13: 42479 | B13: 1.79
... A41: 42517 | B41: 1.85
A42: 42520
A43: 42521 | B43: 1.84
A44: 42522 | B44: 1.85
A45: 42523 | B45: 1.81
A46: 42524 | B46: 1.71
A47: 42527 | B47: 1.73
A48: 42528 | B48: 1.72
A49: 42529 | B49: 1.71
A50: 42530 | B50: 1.68
A51: 42531 | B51: 1.64
A52: 42534 | B52: 1.62
A53: 42535 | B53: 1.62
A54: 42536 | B54: 1.6
... A66: 42552 | B66: 1.46
A67: 42555
A68: 42556 | B68: 1.37
A69: 42557 | B69: 1.38
A70: 42558 | B70: 1.4
A71: 42559 | B71: 1.37
A72: 42562 | B72: 1.43
A73: 42563 | B73: 1.53
A74: 42564 | B74: 1.48
A75: 42565 | B75: 1.53
A76: 42566 | B76: 1.6
A77: 42569 | B77: 1.59
A78: 42570 | B78: 1.56
A79: 42571 | B79: 1.59
... A111: 42615 | B111: 1.6
A112: 42618
A113: 42619 | B113: 1.55
A114: 42620 | B114: 1.54
A115: 42621 | B115: 1.61
A116: 42622 | B116: 1.67
A117: 42625 | B117: 1.68
A118: 42626 | B118: 1.73
A119: 42627 | B119: 1.7
A120: 42628 | B120: 1.71
A121: 42629 | B121: 1.7
A122: 42632 | B122: 1.7
A123: 42633 | B123: 1.69
A124: 42634 | B124: 1.66
... A136: 42650 | B136: 1.73
A137: 42653
A138: 42654 | B138: 1.77
A139: 42655 | B139: 1.79
A140: 42656 | B140: 1.75
A141: 42657 | B141: 1.8
A142: 42660 | B142: 1.77
A143: 42661 | B143: 1.75
A144: 42662 | B144: 1.76
A145: 42663 | B145: 1.76
A146: 42664 | B146: 1.74
A147: 42667 | B147: 1.77
A148: 42668 | B148: 1.77
A149: 42669 | B149: 1.79
... A160: 42684 | B160: 2.15
A161: 42685
A162: 42688 | B162: 2.23
A163: 42689 | B163: 2.23
A164: 42690 | B164: 2.22
A165: 42691 | B165: 2.29
A166: 42692 | B166: 2.34
A167: 42695 | B167: 2.33
A168: 42696 | B168: 2.31
A169: 42697 | B169: 2.36
A170: 42698
A171: 42699 | B171: 2.36
A172: 42702 | B172: 2.32
A173: 42703 | B173: 2.3
A174: 42704 | B174: 2.37
A175: 42705 | B175: 2.45
A176: 42706 | B176: 2.4
A177: 42709 | B177: 2.39
A178: 42710 | B178: 2.39
A179: 42711 | B179: 2.34
A180: 42712 | B180: 2.4
A181: 42713 | B181: 2.47
A182: 42716 | B182: 2.49
... A191: 42727 | B191: 2.55
A192: 42730
A193: 42731 | B193: 2.57
A194: 42732 | B194: 2.51
A195: 42733 | B195: 2.49
A196: 42734 | B196: 2.45
A197: 42737
A198: 42738 | B198: 2.45
...

Sheet T10Y3M
A1: observation_date | B1: T10Y3M
A2: 42464 | B2: 1.55
A3: 42465 | B3: 1.5
A4: 42466 | B4: 1.53
A5: 42467 | B5: 1.47
A6: 42468 | B6: 1.49
A7: 42471 | B7: 1.5
A8: 42472 | B8: 1.57
A9: 42473 | B9: 1.54
A10: 42474 | B10: 1.58
A11: 42475 | B11: 1.54
A12: 42478 | B12: 1.56
A13: 42479 | B13: 1.58
... A41: 42517 | B41: 1.53
A42: 42520
A43: 42521 | B43: 1.5
A44: 42522 | B44: 1.55
A45: 42523 | B45: 1.52
A46: 42524 | B46: 1.41
A47: 42527 | B47: 1.45
A48: 42528 | B48: 1.44
A49: 42529 | B49: 1.47
A50: 42530 | B50: 1.42
A51: 42531 | B51: 1.38
A52: 42534 | B52: 1.35
A53: 42535 | B53: 1.35
A54: 42536 | B54: 1.34
... A66: 42552 | B66: 1.18
A67: 42555
A68: 42556 | B68: 1.09
A69: 42557 | B69: 1.11
A70: 42558 | B70: 1.11
A71: 42559 | B71: 1.09
A72: 42562 | B72: 1.12
A73: 42563 | B73: 1.24
A74: 42564 | B74: 1.17
A75: 42565 | B75: 1.21
A76: 42566 | B76: 1.28
A77: 42569 | B77: 1.27
A78: 42570 | B78: 1.25
A79: 42571 | B79: 1.27
... A111: 42615 | B111: 1.27
A112: 42618
A113: 42619 | B113: 1.23
A114: 42620 | B114: 1.2
A115: 42621 | B115: 1.26
A116: 42622 | B116: 1.32
A117: 42625 | B117: 1.31
A118: 42626 | B118: 1.37
A119: 42627 | B119: 1.37
A120: 42628 | B120: 1.42
A121: 42629 | B121: 1.4
A122: 42632 | B122: 1.4
A123: 42633 | B123: 1.39
A124: 42634 | B124: 1.44
... A136: 42650 | B136: 1.4
A137: 42653
A138: 42654 | B138: 1.42
A139: 42655 | B139: 1.42
A140: 42656 | B140: 1.45
A141: 42657 | B141: 1.48
A142: 42660 | B142: 1.43
A143: 42661 | B143: 1.41
A144: 42662 | B144: 1.41
A145: 42663 | B145: 1.41
A146: 42664 | B146: 1.4
A147: 42667 | B147: 1.44
A148: 42668 | B148: 1.43
A149: 42669 | B149: 1.46
... A160: 42684 | B160: 1.67
A161: 42685
A162: 42688 | B162: 1.68
A163: 42689 | B163: 1.72
A164: 42690 | B164: 1.75
A165: 42691 | B165: 1.85
A166: 42692 | B166: 1.9
A167: 42695 | B167: 1.87
A168: 42696 | B168: 1.82
A169: 42697 | B169: 1.85
A170: 42698
A171: 42699 | B171: 1.87
A172: 42702 | B172: 1.84
A173: 42703 | B173: 1.82
A174: 42704 | B174: 1.89
A175: 42705 | B175: 1.97
A176: 42706 | B176: 1.91
A177: 42709 | B177: 1.9
A178: 42710 | B178: 1.9
A179: 42711 | B179: 1.82
A180: 42712 | B180: 1.89
A181: 42713 | B181: 1.93
A182: 42716 | B182: 1.98
... A191: 42727 | B191: 2.03
A192: 42730
A193: 42731 | B193: 2.06
A194: 42732 | B194: 1.98
A195: 42733 | B195: 2.02
A196: 42734 | B196: 1.94
A197: 42737
A198: 42738 | B198: 1.92
...

Sheet BAMLC0A4CBBB
A1: observation_date | B1: BAMLC0A4CBBB
A2: 42464 | B2: 2.3
A3: 42465 | B3: 2.31
A4: 42466 | B4: 2.3
A5: 42467 | B5: 2.31
A6: 42468 | B6: 2.31
A7: 42471 | B7: 2.3
A8: 42472 | B8: 2.28
A9: 42473 | B9: 2.26
A10: 42474 | B10: 2.23
A11: 42475 | B11: 2.22
A12: 42478 | B12: 2.21
A13: 42479 | B13: 2.18
... A193: 42727 | B193: 1.64
A194: 42730
A195: 42731 | B195: 1.64
A196: 42732 | B196: 1.64
A197: 42733 | B197: 1.63
A198: 42734 | B198: 1.64
A199: 42735 | B199: 1.66
A200: 42737
A201: 42738 | B201: 1.64
A202: 42739 | B202: 1.63
A203: 42740 | B203: 1.64
A204: 42741 | B204: 1.63
A205: 42744 | B205: 1.63
A206: 42745 | B206: 1.63
A207: 42746 | B207: 1.64
A208: 42747 | B208: 1.64
A209: 42748 | B209: 1.63
A210: 42751 | B210: 1.63
A211: 42752 | B211: 1.63
A212: 42753 | B212: 1.63
... A273: 42838 | B273: 1.58
A274: 42839
A275: 42842 | B275: 1.58
A276: 42843 | B276: 1.59
A277: 42844 | B277: 1.59
A278: 42845 | B278: 1.58
A279: 42846 | B279: 1.58
A280: 42849 | B280: 1.56
A281: 42850 | B281: 1.56
A282: 42851 | B282: 1.55
A283: 42852 | B283: 1.55
A284: 42853 | B284: 1.55
A285: 42855 | B285: 1.55
A286: 42856 | B286: 1.55
... A456: 43091 | B456: 1.28
A457: 43094
A458: 43095 | B458: 1.28
A459: 43096 | B459: 1.28
A460: 43097 | B460: 1.27
A461: 43098 | B461: 1.28
A462: 43100 | B462: 1.28
A463: 43101
A464: 43102 | B464: 1.28
A465: 43103 | B465: 1.27
A466: 43104 | B466: 1.27
A467: 43105 | B467: 1.26
A468: 43108 | B468: 1.26
A469: 43109 | B469: 1.24
A470: 43110 | B470: 1.23
A471: 43111 | B471: 1.23
A472: 43112 | B472: 1.22
A473: 43115 | B473: 1.22
A474: 43116 | B474: 1.21
A475: 43117 | B475: 1.21
... A526: 43188 | B526: 1.44
A527: 43189
A528: 43190 | B528: 1.45
A529: 43192 | B529: 1.45
A530: 43193 | B530: 1.45
A531: 43194 | B531: 1.44
A532: 43195 | B532: 1.42
A533: 43196 | B533: 1.42
A534: 43199 | B534: 1.42
A535: 43200 | B535: 1.42
A536: 43201 | B536: 1.41
A537: 43202 | B537: 1.4
A538: 43203 | B538: 1.39
A539: 43206 | B539: 1.39
... A721: 43458 | B721: 1.97
A722: 43459
A723: 43460 | B723: 1.98
A724: 43461 | B724: 2
A725: 43462 | B725: 2.01
A726: 43465 | B726: 2.02
A727: 43466
A728: 43467 | B728: 2.03
A729: 43468 | B729: 2.06
A730: 43469 | B730: 2.05
A731: 43472 | B731: 2.03
A732: 43473 | B732: 2.01
A733: 43474 | B733: 1.97
A734: 43475 | B734: 1.97
A735: 43476 | B735: 1.96
A736: 43479 | B736: 1.96
A737: 43480 | B737: 1.96
A738: 43481 | B738: 1.93
A739: 43482 | B739: 1.91
...

Sheet CPIAUCSL
A1: observation_date | B1: CPIAUCSL
A2: 42401 | B2: 237.336
A3: 42430 | B3: 238.08
A4: 42461 | B4: 238.992
A5: 42491 | B5: 239.557
A6: 42522 | B6: 240.222
A7: 42552 | B7: 240.101
A8: 42583 | B8: 240.545
A9: 42614 | B9: 241.176
A10: 42644 | B10: 241.741
A11: 42675 | B11: 242.026
A12: 42705 | B12: 242.637
A13: 42736 | B13: 243.618
... A117: 45901 | B117: 324.245
A118: 45931
A119: 45962 | B119: 325.063
A120: 45992 | B120: 326.031
A121: 46023 | B121: 326.588
A122: 46054 | B122: 327.46

Sheet DFF
A1: observation_date | B1: DFF
A2: 42462 | B2: 0.37
A3: 42463 | B3: 0.37
A4: 42464 | B4: 0.37
A5: 42465 | B5: 0.37
A6: 42466 | B6: 0.37
A7: 42467 | B7: 0.37
A8: 42468 | B8: 0.37
A9: 42469 | B9: 0.37
A10: 42470 | B10: 0.37
A11: 42471 | B11: 0.37
A12: 42472 | B12: 0.37
A13: 42473 | B13: 0.37
... A3654: 46114 | B3654: 3.64

Sheet DGS2
A1: observation_date | B1: DGS2
A2: 42464 | B2: 0.75
A3: 42465 | B3: 0.72
A4: 42466 | B4: 0.73
A5: 42467 | B5: 0.7
A6: 42468 | B6: 0.7
A7: 42471 | B7: 0.7
A8: 42472 | B8: 0.74
A9: 42473 | B9: 0.75
A10: 42474 | B10: 0.77
A11: 42475 | B11: 0.74
A12: 42478 | B12: 0.75
A13: 42479 | B13: 0.77
... A41: 42517 | B41: 0.9
A42: 42520
A43: 42521 | B43: 0.87
A44: 42522 | B44: 0.91
A45: 42523 | B45: 0.89
A46: 42524 | B46: 0.78
A47: 42527 | B47: 0.8
A48: 42528 | B48: 0.78
A49: 42529 | B49: 0.78
A50: 42530 | B50: 0.77
A51: 42531 | B51: 0.73
A52: 42534 | B52: 0.73
A53: 42535 | B53: 0.74
A54: 42536 | B54: 0.69
... A66: 42552 | B66: 0.59
A67: 42555
A68: 42556 | B68: 0.56
A69: 42557 | B69: 0.58
A70: 42558 | B70: 0.58
A71: 42559 | B71: 0.61
A72: 42562 | B72: 0.66
A73: 42563 | B73: 0.69
A74: 42564 | B74: 0.68
A75: 42565 | B75: 0.68
A76: 42566 | B76: 0.71
A77: 42569 | B77: 0.68
A78: 42570 | B78: 0.7
A79: 42571 | B79: 0.73
... A111: 42615 | B111: 0.8
A112: 42618
A113: 42619 | B113: 0.74
A114: 42620 | B114: 0.74
A115: 42621 | B115: 0.78
A116: 42622 | B116: 0.79
A117: 42625 | B117: 0.79
A118: 42626 | B118: 0.8
A119: 42627 | B119: 0.77
A120: 42628 | B120: 0.74
A121: 42629 | B121: 0.77
A122: 42632 | B122: 0.79
A123: 42633 | B123: 0.79
A124: 42634 | B124: 0.79
... A136: 42650 | B136: 0.83
A137: 42653
A138: 42654 | B138: 0.87
A139: 42655 | B139: 0.87
A140: 42656 | B140: 0.85
A141: 42657 | B141: 0.84
A142: 42660 | B142: 0.81
A143: 42661 | B143: 0.82
A144: 42662 | B144: 0.81
A145: 42663 | B145: 0.84
A146: 42664 | B146: 0.84
A147: 42667 | B147: 0.84
A148: 42668 | B148: 0.86
A149: 42669 | B149: 0.86
... A160: 42684 | B160: 0.92
A161: 42685
A162: 42688 | B162: 1
A163: 42689 | B163: 1.02
A164: 42690 | B164: 1
A165: 42691 | B165: 1.04
A166: 42692 | B166: 1.07
A167: 42695 | B167: 1.08
A168: 42696 | B168: 1.07
A169: 42697 | B169: 1.12
A170: 42698
A171: 42699 | B171: 1.12
A172: 42702 | B172: 1.11
A173: 42703 | B173: 1.09
A174: 42704 | B174: 1.11
A175: 42705 | B175: 1.14
A176: 42706 | B176: 1.11
A177: 42709 | B177: 1.13
A178: 42710 | B178: 1.12
A179: 42711 | B179: 1.1
A180: 42712 | B180: 1.12
A181: 42713 | B181: 1.15
A182: 42716 | B182: 1.15
... A191: 42727 | B191: 1.22
A192: 42730
A193: 42731 | B193: 1.28
A194: 42732 | B194: 1.26
A195: 42733 | B195: 1.22
A196: 42734 | B196: 1.2
A197: 42737
A198: 42738 | B198: 1.22
...
